-- phpMyAdmin SQL Dump
-- version 4.6.6deb5
-- https://www.phpmyadmin.net/
--
-- Host: localhost
-- Generation Time: Aug 01, 2020 at 02:31 AM
-- Server version: 5.7.30-0ubuntu0.18.04.1
-- PHP Version: 7.2.24-0ubuntu0.18.04.6

SET SQL_MODE = "NO_AUTO_VALUE_ON_ZERO";
SET time_zone = "+00:00";


/*!40101 SET @OLD_CHARACTER_SET_CLIENT=@@CHARACTER_SET_CLIENT */;
/*!40101 SET @OLD_CHARACTER_SET_RESULTS=@@CHARACTER_SET_RESULTS */;
/*!40101 SET @OLD_COLLATION_CONNECTION=@@COLLATION_CONNECTION */;
/*!40101 SET NAMES utf8mb4 */;

--
-- Database: `shop`
--

-- --------------------------------------------------------

--
-- Table structure for table `address`
--

CREATE TABLE `address` (
  `id` bigint(20) NOT NULL,
  `address` varchar(500) COLLATE utf8_unicode_ci NOT NULL,
  `postal_code` varchar(12) COLLATE utf8_unicode_ci DEFAULT NULL,
  `phone` varchar(12) COLLATE utf8_unicode_ci DEFAULT NULL,
  `mobile` varchar(12) COLLATE utf8_unicode_ci NOT NULL,
  `customer_id` bigint(20) NOT NULL
) ENGINE=InnoDB DEFAULT CHARSET=utf8 COLLATE=utf8_unicode_ci;

--
-- Dumping data for table `address`
--

INSERT INTO `address` (`id`, `address`, `postal_code`, `phone`, `mobile`, `customer_id`) VALUES
(2, 'استان البرز شهرستان نظرآباد شهرک شهید بهشتی سیمان آبیک کوچه شهید رجایی پلاک ۹۹', '1635874611', '', '09367270443', 2),
(3, 'تهران', '', '02199999999', '09129999999', 3),
(4, ' اصفهان خیابان جی خیابان تالار چهارراه صباحی پلاک ۶۷', '', '03132316205', '09139166109', 6),
(5, 'خ  وحدت کوی پیروزی پلاک۱۷۲', '', '', '9146099484', 9),
(6, 'باقرخان .پلاک ۲۸', '', '54795000', '09127967951', 10),
(7, 'استان البرز شهرستان نظرآباد شهرک شهید بهشتی سیمان آبیک کوچه شهید رجایی پلاک ۹۹', '', '09139148975', '09139148975', 11),
(8, 'گیلان- تالش- خیابان ولیعصر- کوچه حجت- ساختمان میلاد(روبروی هتل راستین)', '', '01344237582', '09393472616', 16),
(9, 'استان بوشهر - شهرستان جم - شهرک پردیس - کوی فارابی - واحد 143', '', '07737645945', '091663313287', 18),
(10, 'تهرانپارس. خیابان جشنواره. خیابان زهدی. خیابان امیر شرقی.پلاک۴۸ واحد۲', '', '02177337097', '09126101389', 19),
(11, 'اصفهان - خمینی شهر- درچه - دینان- خیابان معلم - پلاک 162', '', '03133752891', '09139161318', 20),
(12, 'یزد خیابان کاشانی کوچه ویلا ویلا ۲۳منزل سوم سمت چپ ', '', '03536283390', '09199619715', 21),
(13, 'اردکان ', '', '', '09199194552', 22),
(14, 'استان چهار محال و بختیاری شهرکرد میدان معلم کوچه 12 متری پلاک 11', '', '', '09133823887', 23),
(15, 'رشت،میدان گیل،شهرک امام حسین،کوچه12،انتهای کوچه،جنب ساختمان فدک،ساختمان دوطبقه ی اجرنما،طبقه ی دوم', '', '01333605161', '09112481358', 24),
(16, 'اصفهان، كوی سپاهان،خیابان دهم،پلاك 13كدپستی 8174617653', '', '03136732957', '09133157048', 25),
(17, 'بلوارفردوس خ علی حسینی ک 10پ4واحد8', '', '', '09122969733', 26),
(18, 'خيابان زعفرانيه كوچه فيروزكوه پلاك٢٢زنگ ٩صبقه ٥', '', '', '09122007774', 28),
(19, 'خيابان زعفرانيه كوچه فيروزكوه پلاك٢٢زنگ ٩صبقه ٥', '', '', '09122007774', 29),
(20, 'خيابان زعفرانيه كوچه فيروزكوه پلاك٢٢زنگ ٩صبقه ٥', '', '', '09122007774', 30),
(21, 'مازندران.نکا. خیابان نفت سیاه.کوچه اندرزگو ۱۰', '', '01134721763', '09309286924', 31),
(24, 'تهران', '34534534', '5345', '34534', 2),
(26, 'fsdfsd', '534534534', '3534534', '', 2);

-- --------------------------------------------------------

--
-- Table structure for table `category`
--

CREATE TABLE `category` (
  `id` bigint(20) NOT NULL,
  `name` varchar(200) COLLATE utf8_unicode_ci NOT NULL,
  `meta_desc` varchar(250) COLLATE utf8_unicode_ci DEFAULT NULL,
  `keywords` varchar(600) COLLATE utf8_unicode_ci DEFAULT NULL,
  `parent` bigint(20) DEFAULT NULL
) ENGINE=InnoDB DEFAULT CHARSET=utf8 COLLATE=utf8_unicode_ci;

--
-- Dumping data for table `category`
--

INSERT INTO `category` (`id`, `name`, `meta_desc`, `keywords`, `parent`) VALUES
(3, 'دکوراسیون منزل', '', 'کابینت,کمد دیواری,میز تحریر,صندلی,مبل,تخت خواب,بوفه,کمد,دراور,میز تلویزیون,میز تلفن,میز نهار,چوب,ام دی اف,چوبی سنتر,میز ال سی دی,میز ناهارخوری,مبل سلطنتی,خرید مبل استیل,نهارخوری,ناهارخوری', NULL),
(4, 'دکوراسیون ادارات', '', '', NULL),
(5, 'دکوراسیون آرایشگاه', 'طراحی و اجرا دکوراسیون آرایشگاه - تجهیزات آرایشگاه - دکوراسیون آرایشگاه، منزل و ادارات -', 'آینه,کنسول,آینه کنسول,آینه و کنسول,نیمکت انتظار,میز مانیکور,کانتر منشی,ترولی,جالاکی,جاتاجی,شزلون,چوبی سنتر,چوب,ام دی اف,آینه کنسول یافت آباد,فروش آینه کنسول مدرن,خرید و قیمت آینه و کنسول مدرن,خرید میز کنسول,کنسول مدرن,مبل سلطنتی,میز ناخن', NULL),
(6, 'کمد و بوفه', '', '', 3),
(7, 'سرویس خواب', '', 'سرویس خواب ترک با قیمت,سرویس خواب جدید,مبل تختخواب شو,سرویس خواب mdf ترکیه', 3),
(8, 'میز تلویزیون', '', '', 3),
(9, 'میز منشی', '', '', 4),
(10, 'پارتیشن', '', '', 4),
(11, 'آینه و کنسول', 'خرید اینترنتی آینه کنسول - سفارش آینه کنسول - آینه کنسول - اینه کنسول - خرید آینه کنسول - آینه و کنسول یافت آباد - آینه و کنسول مدرن ', 'آینه کنسول,اینه کنسول,آینه و کنسول,آینه کنسول,چوبی سنتر,چوب,ام دی اف,choobicenter,آینه کنسول یافت آباد,فروش آینه کنسول مدرن,خرید و قیمت آینه و کنسول مدرن,خرید میز کنسول,آینه,خرید آینه کنسول,قیمت آینه کنسول,خرید آینه و کنسول,قیمت آینه و کنسول', 5),
(12, 'نیمکت انتظار و پاف', 'خرید اینترنتی نیمکت انتظار و پاف در فروشگاه چوبی سنتر - محصولات چوبی - خرید اینترنتی - سفارش نیمکت انتظار و پاف- خرید نیمکت انتظار - قیمت نیمکت انتظار ', 'نیمکت,نیمکت انتظار,چوبی سنتر,چوب,ام دی اف,صندلی انتظار,صندلی,پاف,قیمت نیمکت انتظار,خرید نیمکت انتظار,خرید اینترنتی نیمکت,خرید اینترنتی نیمکت انتظار', 5),
(21, 'ترولی', '', 'ترولی,میز ترولی,خرید ترولی,قیمت ترولی,خرید میز ترولی,قیمت میز ترولی', 5),
(22, 'میز ناخن', 'خرید میز ناخن - قیمت میز ناخن - خرید میز مانیکور - قیمت میز مانیکور - میز ناخن - میز مانیکور', 'میز ناخن,میز مانیکور,چوبی سنتر,چوب,ام دی اف,choobicenter,مانیکور,ناخن,صندلی مانیکور,صندلی ناخن,خرید میز ناخن,قیمت میز ناخن,خرید میز مانیکور,خرید میز ناخن', 5),
(23, 'جا لاکی', '', '', 5),
(24, 'جاکفشی', '', '', 3),
(25, 'صندلی', '', '', 3),
(26, 'قفسه کتاب', '', '', 3),
(27, 'دکوراسیون ادارات', '', '', 14),
(28, 'میز ناهار خوری', '', 'میز ناهار خوری,ناهار خوری,میز,غذا خوری, میز غذا خوری,میز نهار خوری,کمجا,میز ناهار خوری کمجا', 3),
(29, 'اتاق کودک', '', '', NULL),
(30, 'اتاق کودک', '', '', 14),
(31, 'تخت خواب', '', '', 29),
(32, 'جالباسی', '', '', 29),
(33, 'جا تاجی', '', '', 5),
(34, 'فایل', '', '', 3),
(35, 'میز تلفن', '', '', 3),
(36, 'نیمکت', '', '', 3),
(37, 'صندلی پدیکور', '', '', 5),
(38, 'میز تحریر', '', '', 3),
(39, 'کانتر منشی', '', 'کانتر منشی,میز منشی,میز پذیرش,خرید کانتر منشی,قیمت میز منشی,خرید میز پذیرش,قیمت میز پذیرش,قیمت کانتر منشی,خرید میز منشی', 4);

-- --------------------------------------------------------

--
-- Table structure for table `category_children`
--

CREATE TABLE `category_children` (
  `id` bigint(20) NOT NULL,
  `child_id` bigint(20) NOT NULL
) ENGINE=InnoDB DEFAULT CHARSET=utf8 COLLATE=utf8_unicode_ci;

--
-- Dumping data for table `category_children`
--

INSERT INTO `category_children` (`id`, `child_id`) VALUES
(3, 6),
(3, 7),
(3, 8),
(3, 24),
(3, 25),
(3, 26),
(3, 28),
(3, 34),
(3, 35),
(3, 36),
(3, 38),
(4, 9),
(4, 10),
(4, 39),
(5, 11),
(5, 12),
(5, 21),
(5, 22),
(5, 23),
(5, 33),
(5, 37),
(29, 31),
(29, 32);

-- --------------------------------------------------------

--
-- Table structure for table `city`
--

CREATE TABLE `city` (
  `id` bigint(20) NOT NULL,
  `name` varchar(200) COLLATE utf8_unicode_ci NOT NULL
) ENGINE=InnoDB DEFAULT CHARSET=utf8 COLLATE=utf8_unicode_ci;

-- --------------------------------------------------------

--
-- Table structure for table `field`
--

CREATE TABLE `field` (
  `id` bigint(20) NOT NULL,
  `name` varchar(60) COLLATE utf8_unicode_ci NOT NULL,
  `position` int(11) NOT NULL,
  `unit` varchar(50) COLLATE utf8_unicode_ci NOT NULL,
  `type` tinyint(1) NOT NULL DEFAULT '0',
  `filterable` bit(1) NOT NULL DEFAULT b'0',
  `min_value` bigint(20) DEFAULT NULL,
  `max_value` bigint(20) DEFAULT NULL
) ENGINE=InnoDB DEFAULT CHARSET=utf8 COLLATE=utf8_unicode_ci;

--
-- Dumping data for table `field`
--

INSERT INTO `field` (`id`, `name`, `position`, `unit`, `type`, `filterable`, `min_value`, `max_value`) VALUES
(1, 'ارتفاع', 4, 'سانتی متر', 1, b'0', 1, 500),
(2, 'ارتفاع بدون پایه', 5, 'سانتی متر', 1, b'0', 1, 500),
(4, 'تعداد پایه', 8, '', 1, b'0', 1, 10),
(5, 'تعداد کشو', 9, '', 1, b'1', 1, 10),
(6, 'توضیحات', 11, '', 0, b'0', 0, NULL),
(7, 'جنس', 6, '', 2, b'1', 0, NULL),
(8, 'رنگ', 2, '', 2, b'0', 0, NULL),
(9, 'زمان تحویل', 7, 'روز کاری', 1, b'1', 1, 60),
(10, 'طول', 1, 'سانتی متر', 1, b'1', 1, 500),
(11, 'ظرفیت', 10, 'نفر', 1, b'1', 1, 15),
(12, 'عرض', 3, 'سانتی متر', 1, b'1', 1, 500),
(13, 'عمق', 13, 'سانتی متر', 1, b'0', 1, 500),
(14, 'قطر', 0, 'سانتی متر', 1, b'0', 1, 500),
(15, 'طول آینه', 0, 'سانتی متر', 1, b'0', 1, 500),
(16, 'عرض آینه', 0, 'سانتی متر', 1, b'0', 1, 500),
(17, 'جنس آینه', 0, '', 2, b'0', 0, NULL);

-- --------------------------------------------------------

--
-- Table structure for table `field_value`
--

CREATE TABLE `field_value` (
  `id` bigint(20) NOT NULL,
  `field_id` bigint(20) NOT NULL,
  `value` varchar(400) COLLATE utf8_unicode_ci NOT NULL
) ENGINE=InnoDB DEFAULT CHARSET=utf8 COLLATE=utf8_unicode_ci;

--
-- Dumping data for table `field_value`
--

INSERT INTO `field_value` (`id`, `field_id`, `value`) VALUES
(1, 7, 'MDF خام سوماترا با پوشش رنگ پلی استر'),
(2, 7, 'MDF خام سوماترا با پوشش رنگ پلی اورتان'),
(3, 7, 'MDF خام سوماترا'),
(4, 7, 'فایبرگلاس'),
(5, 7, 'چوب'),
(6, 17, 'فایبرگلاس'),
(7, 8, 'به سفارش مشتری');

-- --------------------------------------------------------

--
-- Table structure for table `image`
--

CREATE TABLE `image` (
  `id` bigint(20) NOT NULL,
  `product_id` bigint(20) NOT NULL,
  `position` int(11) NOT NULL DEFAULT '1',
  `cover` bit(1) NOT NULL
) ENGINE=InnoDB DEFAULT CHARSET=utf8 COLLATE=utf8_unicode_ci;

--
-- Dumping data for table `image`
--

INSERT INTO `image` (`id`, `product_id`, `position`, `cover`) VALUES
(1, 1, 1, b'1'),
(2, 3, 1, b'1'),
(3, 4, 1, b'1'),
(4, 4, 2, b'0'),
(5, 5, 1, b'1'),
(6, 6, 1, b'1'),
(7, 7, 1, b'1'),
(8, 8, 1, b'1'),
(9, 9, 1, b'1'),
(10, 9, 2, b'0'),
(11, 10, 1, b'1'),
(12, 11, 1, b'1'),
(13, 11, 2, b'0'),
(14, 12, 1, b'1'),
(15, 16, 1, b'1'),
(16, 17, 1, b'1'),
(17, 17, 2, b'0'),
(18, 18, 1, b'1'),
(19, 18, 2, b'0'),
(20, 17, 3, b'0'),
(21, 19, 1, b'1'),
(22, 20, 1, b'1'),
(23, 20, 2, b'0'),
(24, 20, 3, b'0'),
(25, 21, 1, b'1'),
(26, 21, 2, b'0'),
(27, 22, 1, b'1'),
(28, 23, 1, b'1'),
(29, 24, 1, b'1'),
(30, 24, 2, b'0'),
(31, 25, 1, b'1'),
(32, 25, 2, b'0'),
(33, 25, 3, b'0'),
(34, 26, 1, b'1'),
(35, 27, 1, b'1'),
(36, 29, 1, b'1'),
(37, 29, 2, b'0'),
(38, 30, 1, b'1'),
(39, 32, 1, b'1'),
(40, 33, 1, b'1'),
(41, 35, 1, b'1'),
(42, 36, 1, b'1'),
(43, 37, 1, b'1'),
(44, 38, 1, b'1'),
(45, 39, 1, b'1'),
(46, 40, 1, b'1'),
(47, 41, 1, b'1'),
(48, 42, 1, b'1'),
(49, 43, 1, b'1'),
(50, 44, 1, b'1'),
(51, 45, 1, b'1'),
(52, 46, 1, b'1'),
(53, 47, 1, b'1'),
(54, 48, 1, b'1'),
(55, 49, 1, b'1'),
(56, 50, 1, b'1'),
(57, 51, 1, b'1'),
(58, 52, 1, b'1'),
(59, 54, 1, b'1'),
(60, 55, 1, b'1'),
(61, 56, 1, b'1'),
(62, 57, 1, b'1'),
(63, 58, 1, b'1'),
(64, 59, 1, b'1'),
(65, 62, 1, b'1'),
(66, 63, 1, b'1'),
(67, 64, 1, b'1'),
(68, 65, 1, b'1'),
(69, 66, 1, b'1'),
(70, 68, 1, b'1'),
(71, 69, 1, b'1'),
(72, 70, 1, b'1'),
(73, 72, 1, b'1'),
(74, 73, 1, b'1'),
(75, 74, 1, b'1'),
(76, 75, 1, b'1'),
(77, 77, 1, b'1'),
(78, 77, 2, b'0'),
(79, 78, 1, b'1'),
(80, 78, 2, b'0'),
(81, 79, 1, b'1'),
(82, 80, 1, b'1'),
(83, 82, 1, b'1'),
(84, 83, 1, b'1'),
(85, 34, 1, b'1'),
(86, 34, 2, b'0'),
(87, 34, 3, b'0'),
(88, 34, 4, b'0'),
(89, 84, 1, b'1'),
(90, 84, 2, b'0'),
(91, 84, 3, b'0'),
(92, 85, 1, b'1'),
(93, 85, 2, b'0'),
(94, 85, 3, b'0'),
(95, 86, 1, b'1'),
(96, 86, 2, b'0'),
(97, 86, 3, b'0'),
(98, 2, 1, b'1'),
(99, 2, 2, b'0'),
(100, 2, 3, b'0'),
(101, 28, 1, b'1'),
(102, 28, 2, b'0'),
(103, 87, 1, b'1'),
(104, 87, 2, b'0'),
(105, 88, 1, b'1'),
(106, 88, 2, b'0'),
(107, 88, 3, b'0'),
(108, 89, 1, b'1'),
(109, 89, 2, b'0'),
(110, 89, 3, b'0'),
(111, 89, 4, b'0'),
(112, 89, 5, b'0'),
(113, 89, 6, b'0'),
(114, 89, 7, b'0'),
(115, 90, 1, b'1'),
(116, 31, 1, b'1'),
(117, 31, 2, b'0'),
(118, 31, 3, b'0'),
(119, 90, 2, b'0'),
(120, 90, 3, b'0'),
(121, 90, 4, b'0'),
(122, 91, 1, b'1'),
(123, 14, 1, b'1'),
(124, 14, 2, b'0'),
(125, 92, 1, b'1'),
(126, 92, 2, b'0'),
(127, 92, 3, b'0'),
(128, 92, 4, b'0'),
(129, 13, 1, b'1'),
(130, 13, 2, b'0'),
(131, 13, 3, b'0'),
(132, 93, 1, b'1'),
(133, 93, 2, b'0'),
(134, 93, 3, b'0'),
(135, 93, 4, b'0'),
(136, 93, 5, b'0'),
(137, 94, 1, b'1'),
(138, 76, 1, b'1'),
(139, 71, 1, b'1'),
(140, 67, 1, b'1'),
(141, 67, 2, b'0'),
(142, 95, 1, b'1'),
(143, 95, 2, b'0'),
(144, 95, 3, b'0'),
(145, 96, 1, b'1'),
(146, 97, 1, b'1'),
(147, 97, 2, b'0'),
(148, 97, 3, b'0'),
(149, 97, 4, b'0'),
(150, 98, 1, b'1'),
(151, 98, 2, b'0'),
(152, 98, 3, b'0'),
(153, 98, 4, b'0'),
(154, 99, 2, b'0'),
(155, 99, 1, b'1'),
(156, 100, 1, b'1'),
(157, 100, 2, b'0'),
(158, 101, 1, b'1'),
(159, 101, 2, b'0'),
(160, 101, 3, b'0'),
(161, 101, 4, b'0'),
(162, 15, 1, b'1'),
(163, 15, 2, b'0'),
(164, 102, 1, b'1'),
(165, 102, 2, b'0'),
(166, 102, 3, b'0'),
(167, 61, 1, b'1'),
(168, 61, 2, b'0'),
(169, 61, 3, b'0'),
(170, 61, 4, b'0'),
(171, 103, 1, b'1'),
(172, 103, 2, b'0'),
(173, 60, 1, b'1'),
(174, 60, 2, b'0'),
(175, 60, 3, b'0'),
(176, 104, 1, b'1'),
(177, 104, 2, b'0'),
(178, 105, 1, b'1'),
(179, 105, 2, b'0'),
(180, 106, 1, b'1'),
(181, 106, 2, b'0'),
(182, 107, 1, b'1'),
(183, 107, 2, b'0'),
(184, 107, 3, b'0'),
(185, 107, 4, b'0'),
(186, 107, 5, b'0'),
(187, 81, 1, b'1'),
(188, 81, 2, b'0'),
(189, 53, 1, b'1'),
(190, 53, 2, b'0'),
(191, 108, 1, b'1'),
(192, 109, 1, b'1'),
(193, 109, 2, b'0'),
(194, 109, 3, b'0'),
(195, 110, 1, b'1'),
(196, 110, 2, b'0'),
(197, 110, 3, b'0'),
(198, 110, 4, b'0'),
(199, 111, 1, b'1'),
(200, 111, 2, b'0'),
(201, 111, 3, b'0'),
(202, 112, 1, b'1'),
(203, 112, 2, b'0'),
(204, 112, 3, b'0'),
(205, 113, 1, b'1'),
(206, 114, 1, b'1'),
(207, 114, 2, b'0'),
(208, 114, 3, b'0'),
(209, 114, 4, b'0'),
(210, 115, 1, b'1'),
(211, 115, 2, b'0');

-- --------------------------------------------------------

--
-- Table structure for table `orders`
--

CREATE TABLE `orders` (
  `id` bigint(20) NOT NULL,
  `code` varchar(20) COLLATE utf8_unicode_ci NOT NULL,
  `customer_id` bigint(20) NOT NULL,
  `paid` bigint(20) NOT NULL,
  `total` bigint(20) NOT NULL,
  `time` timestamp NOT NULL DEFAULT CURRENT_TIMESTAMP,
  `producer_id` bigint(20) NOT NULL
) ENGINE=InnoDB DEFAULT CHARSET=utf8 COLLATE=utf8_unicode_ci;

-- --------------------------------------------------------

--
-- Table structure for table `order_product`
--

CREATE TABLE `order_product` (
  `order_id` bigint(20) NOT NULL,
  `product_id` bigint(20) NOT NULL
) ENGINE=InnoDB DEFAULT CHARSET=utf8 COLLATE=utf8_unicode_ci;

-- --------------------------------------------------------

--
-- Table structure for table `product`
--

CREATE TABLE `product` (
  `id` bigint(20) NOT NULL,
  `name` varchar(200) COLLATE utf8_unicode_ci NOT NULL,
  `buy_price` bigint(11) NOT NULL,
  `sell_price` bigint(11) NOT NULL,
  `producer` bigint(11) NOT NULL,
  `code` varchar(10) COLLATE utf8_unicode_ci NOT NULL,
  `summary` varchar(4000) COLLATE utf8_unicode_ci DEFAULT NULL,
  `keywords` varchar(500) COLLATE utf8_unicode_ci DEFAULT NULL,
  `category_id` bigint(20) NOT NULL,
  `meta_desc` varchar(500) COLLATE utf8_unicode_ci DEFAULT NULL,
  `disabled` bit(1) NOT NULL DEFAULT b'0',
  `buy_count` bigint(20) NOT NULL DEFAULT '0'
) ENGINE=InnoDB DEFAULT CHARSET=utf8 COLLATE=utf8_unicode_ci;

--
-- Dumping data for table `product`
--

INSERT INTO `product` (`id`, `name`, `buy_price`, `sell_price`, `producer`, `code`, `summary`, `keywords`, `category_id`, `meta_desc`, `disabled`, `buy_count`) VALUES
(1, 'کنسول سه کشو', 750000, 900000, 34, '1046MC', NULL, NULL, 11, 'چوبی سنتر ', b'0', 0),
(2, 'نیمکت انتظار باکس دار', 550000, 750000, 34, '1047MC', NULL, NULL, 12, 'خرید اینترنتی نیمکت انتظار باکسدار - سفارش نیمکت انتظار', b'0', 0),
(3, 'آینه ثمر تاج دار و کنسول طرح توحید', 1100000, 1400000, 34, '1048MC', NULL, NULL, 11, 'آینه کنسول میز کمد بوفه نیمکت ترولی مانیکور پدیکور شزلون کابینت فایبرگلاس چوب طراحی اجرا کتابخانه جهزیه لوازم چوبی جاکفش جالاک جاتاج پاف فایل مبل تخت صندلی', b'0', 0),
(4, 'آینه ثمر اس و کنسول کرامتی', 1300000, 1600000, 34, '1049MC', NULL, NULL, 11, 'آینه کنسول میز کمد بوفه نیمکت ترولی مانیکور پدیکور شزلون کابینت فایبرگلاس چوب طراحی اجرا کتابخانه جهزیه لوازم چوبی جاکفش جالاک جاتاج پاف فایل مبل تخت صندلی ', b'0', 0),
(5, 'آینه ثمر اس و کنسول کرامتی', 1150000, 1500000, 34, '1051MC', NULL, NULL, 11, 'آینه کنسول میز کمد بوفه نیمکت ترولی مانیکور پدیکور شزلون کابینت فایبرگلاس چوب طراحی اجرا کتابخانه جهزیه لوازم چوبی جاکفش جالاک جاتاج پاف فایل مبل تخت صندلی ', b'0', 0),
(6, 'آینه طرح بهار و کنسول', 2000000, 2300000, 34, '1011MC', NULL, NULL, 11, 'آینه کنسول میز کمد بوفه نیمکت ترولی مانیکور پدیکور شزلون کابینت فایبرگلاس چوب طراحی اجرا کتابخانه جهزیه لوازم چوبی جاکفش جالاک جاتاج پاف فایل مبل تخت صندلی ', b'0', 0),
(7, 'بوفه کمددار', 1000000, 1300000, 34, '1010MC', NULL, NULL, 6, 'آینه کنسول میز کمد بوفه نیمکت ترولی مانیکور پدیکور شزلون کابینت فایبرگلاس چوب طراحی اجرا کتابخانه جهزیه لوازم چوبی جاکفش جالاک جاتاج پاف فایل مبل تخت صندلی ', b'0', 0),
(8, 'ترولی', 450000, 600000, 34, '1012MC', NULL, NULL, 21, 'آینه کنسول میز کمد بوفه نیمکت ترولی مانیکور پدیکور شزلون کابینت فایبرگلاس چوب طراحی اجرا کتابخانه جهزیه لوازم چوبی جاکفش جالاک جاتاج پاف فایل مبل تخت صندلی ', b'0', 0),
(9, 'بوفه', 900000, 1100000, 34, '1013MC', NULL, NULL, 6, 'آینه کنسول میز کمد بوفه نیمکت ترولی مانیکور پدیکور شزلون کابینت فایبرگلاس چوب طراحی اجرا کتابخانه جهزیه لوازم چوبی جاکفش جالاک جاتاج پاف فایل مبل تخت صندلی ', b'0', 0),
(10, 'میز تلویزیون', 750000, 900000, 34, '1014MC', NULL, NULL, 8, 'آینه کنسول میز کمد بوفه نیمکت ترولی مانیکور پدیکور شزلون کابینت فایبرگلاس چوب طراحی اجرا کتابخانه جهزیه لوازم چوبی جاکفش جالاک جاتاج پاف فایل مبل تخت صندلی ', b'0', 0),
(11, 'جاکفشی', 1100000, 1400000, 34, '1015MC', NULL, NULL, 6, 'آینه کنسول میز کمد بوفه نیمکت ترولی مانیکور پدیکور شزلون کابینت فایبرگلاس چوب طراحی اجرا کتابخانه جهزیه لوازم چوبی جاکفش جالاک جاتاج پاف فایل مبل تخت صندلی ', b'0', 0),
(12, 'آینه قدی', 900000, 1200000, 34, '1016MC', NULL, NULL, 11, 'آینه کنسول میز کمد بوفه نیمکت ترولی مانیکور پدیکور شزلون کابینت فایبرگلاس چوب طراحی اجرا کتابخانه جهزیه لوازم چوبی جاکفش جالاک جاتاج پاف فایل مبل تخت صندلی ', b'0', 0),
(13, 'نیمکت انتظار', 550000, 700000, 34, '1017MC', NULL, NULL, 12, 'آینه کنسول میز کمد بوفه نیمکت ترولی مانیکور پدیکور شزلون کابینت فایبرگلاس چوب طراحی اجرا کتابخانه جهزیه لوازم چوبی جاکفش جالاک جاتاج پاف فایل مبل تخت صندلی ', b'0', 0),
(14, 'نیمکت انتظار کشودار', 900000, 1200000, 34, '1019MC', NULL, NULL, 12, 'آینه کنسول میز کمد بوفه نیمکت ترولی مانیکور پدیکور شزلون کابینت فایبرگلاس چوب طراحی اجرا کتابخانه جهزیه لوازم چوبی جاکفش جالاک جاتاج پاف فایل مبل تخت صندلی ', b'0', 0),
(15, 'کانتر منشی', 1400000, 1700000, 34, '1020MC', NULL, NULL, 39, 'آینه کنسول میز کمد بوفه نیمکت ترولی مانیکور پدیکور شزلون کابینت فایبرگلاس چوب طراحی اجرا کتابخانه جهزیه لوازم چوبی جاکفش جالاک جاتاج پاف فایل مبل تخت صندلی ', b'0', 0),
(16, 'بوفه', 850000, 1000000, 34, '1021MC', NULL, NULL, 6, 'آینه کنسول میز کمد بوفه نیمکت ترولی مانیکور پدیکور شزلون کابینت فایبرگلاس چوب طراحی اجرا کتابخانه جهزیه لوازم چوبی جاکفش جالاک جاتاج پاف فایل مبل تخت صندلی ', b'0', 0),
(17, 'آینه زیتون و کنسول ساده', 500000, 650000, 34, '1022MC', NULL, NULL, 11, 'آینه کنسول میز کمد بوفه نیمکت ترولی مانیکور پدیکور شزلون کابینت فایبرگلاس چوب طراحی اجرا کتابخانه جهزیه لوازم چوبی جاکفش جالاک جاتاج پاف فایل مبل تخت صندلی ', b'0', 0),
(18, 'آینه قدی منبت گل', 1400000, 1700000, 34, '1023MC', NULL, NULL, 11, 'آینه کنسول میز کمد بوفه نیمکت ترولی مانیکور پدیکور شزلون کابینت فایبرگلاس چوب طراحی اجرا کتابخانه جهزیه لوازم چوبی جاکفش جالاک جاتاج پاف فایل مبل تخت صندلی ', b'0', 0),
(19, 'آینه قدی ثمر و پاف', 1500000, 1800000, 34, '1025MC', NULL, NULL, 11, 'آینه کنسول میز کمد بوفه نیمکت ترولی مانیکور پدیکور شزلون کابینت فایبرگلاس چوب طراحی اجرا کتابخانه جهزیه لوازم چوبی جاکفش جالاک جاتاج پاف فایل مبل تخت صندلی ', b'0', 0),
(20, 'آینه ثمر اس و کنسول کرامتی', 1200000, 1500000, 34, '1026MC', NULL, NULL, 11, 'آینه کنسول میز کمد بوفه نیمکت ترولی مانیکور پدیکور شزلون کابینت فایبرگلاس چوب طراحی اجرا کتابخانه جهزیه لوازم چوبی جاکفش جالاک جاتاج پاف فایل مبل تخت صندلی ', b'0', 0),
(21, 'آینه ثمر بیضی و کنسول طرح توحید', 1200000, 1500000, 34, '1027MC', NULL, NULL, 11, 'آینه کنسول میز کمد بوفه نیمکت ترولی مانیکور پدیکور شزلون کابینت فایبرگلاس چوب طراحی اجرا کتابخانه جهزیه لوازم چوبی جاکفش جالاک جاتاج پاف فایل مبل تخت صندلی ', b'0', 0),
(22, 'آینه الماس و کنسول سفارشی', 2700000, 3100000, 34, '1028MC', NULL, NULL, 11, 'آینه کنسول میز کمد بوفه نیمکت ترولی مانیکور پدیکور شزلون کابینت فایبرگلاس چوب طراحی اجرا کتابخانه جهزیه لوازم چوبی جاکفش جالاک جاتاج پاف فایل مبل تخت صندلی ', b'0', 0),
(23, 'آینه ثمر اس و کنسول سفارشی کشودار', 2200000, 2500000, 34, '1030MC', NULL, NULL, 11, 'آینه کنسول میز کمد بوفه نیمکت ترولی مانیکور پدیکور شزلون کابینت فایبرگلاس چوب طراحی اجرا کتابخانه جهزیه لوازم چوبی جاکفش جالاک جاتاج پاف فایل مبل تخت صندلی ', b'0', 0),
(24, 'آینه متحرک', 1200000, 1500000, 34, '1031MC', NULL, NULL, 11, 'آینه کنسول میز کمد بوفه نیمکت ترولی مانیکور پدیکور شزلون کابینت فایبرگلاس چوب طراحی اجرا کتابخانه جهزیه لوازم چوبی جاکفش جالاک جاتاج پاف فایل مبل تخت صندلی ', b'0', 0),
(25, 'آینه منبت و کنسول هلالی', 1300000, 1600000, 34, '1032MC', NULL, NULL, 11, 'آینه کنسول میز کمد بوفه نیمکت ترولی مانیکور پدیکور شزلون کابینت فایبرگلاس چوب طراحی اجرا کتابخانه جهزیه لوازم چوبی جاکفش جالاک جاتاج پاف فایل مبل تخت صندلی ', b'0', 0),
(26, 'آینه قدی گهواره ای', 1600000, 1900000, 34, '1033MC', NULL, NULL, 11, 'آینه کنسول میز کمد بوفه نیمکت ترولی مانیکور پدیکور شزلون کابینت فایبرگلاس چوب طراحی اجرا کتابخانه جهزیه لوازم چوبی جاکفش جالاک جاتاج پاف فایل مبل تخت صندلی ', b'0', 0),
(27, 'آینه تاجدار و فایل سه کشو', 950000, 1100000, 34, '1034MC', NULL, NULL, 11, 'آینه کنسول میز کمد بوفه نیمکت ترولی مانیکور پدیکور شزلون کابینت فایبرگلاس چوب طراحی اجرا کتابخانه جهزیه لوازم چوبی جاکفش جالاک جاتاج پاف فایل مبل تخت صندلی ', b'0', 0),
(28, 'نیمکت انتظار باکس دار', 550000, 750000, 34, '1036MC', NULL, NULL, 12, 'آینه کنسول میز کمد بوفه نیمکت ترولی مانیکور پدیکور شزلون کابینت فایبرگلاس چوب طراحی اجرا کتابخانه جهزیه لوازم چوبی جاکفش جالاک جاتاج پاف فایل مبل تخت صندلی ', b'0', 0),
(29, 'جا تاجی', 450000, 600000, 34, '1042MC', NULL, NULL, 33, 'آینه کنسول میز کمد بوفه نیمکت ترولی مانیکور پدیکور شزلون کابینت فایبرگلاس چوب طراحی اجرا کتابخانه جهزیه لوازم چوبی جاکفش جالاک جاتاج پاف فایل مبل تخت صندلی ', b'0', 0),
(30, 'فایل', 400000, 550000, 34, '1052MC', NULL, NULL, 34, 'آینه کنسول میز کمد بوفه نیمکت ترولی مانیکور پدیکور شزلون کابینت فایبرگلاس چوب طراحی اجرا کتابخانه جهزیه لوازم چوبی جاکفش جالاک جاتاج پاف فایل مبل تخت صندلی ', b'0', 0),
(31, 'نیمکت انتظار دوطرفه', 1500000, 1900000, 34, '1053MC', NULL, NULL, 12, 'آینه کنسول میز کمد بوفه نیمکت ترولی مانیکور پدیکور شزلون کابینت فایبرگلاس چوب طراحی اجرا کتابخانه جهزیه لوازم چوبی جاکفش جالاک جاتاج پاف فایل مبل تخت صندلی ', b'0', 0),
(32, 'آینه قدی', 1250000, 1600000, 34, '1055MC', NULL, NULL, 11, 'آینه کنسول میز کمد بوفه نیمکت ترولی مانیکور پدیکور شزلون کابینت فایبرگلاس چوب طراحی اجرا کتابخانه جهزیه لوازم چوبی جاکفش جالاک جاتاج پاف فایل مبل تخت صندلی ', b'0', 0),
(33, 'فایل سه کشو', 400000, 500000, 34, '1056MC', NULL, NULL, 34, 'آینه کنسول میز کمد بوفه نیمکت ترولی مانیکور پدیکور شزلون کابینت فایبرگلاس چوب طراحی اجرا کتابخانه جهزیه لوازم چوبی جاکفش جالاک جاتاج پاف فایل مبل تخت صندلی ', b'0', 0),
(34, 'نیمکت انتظار باکس دار', 600000, 800000, 34, '1057MC', NULL, NULL, 12, 'آینه کنسول میز کمد بوفه نیمکت ترولی مانیکور پدیکور شزلون کابینت فایبرگلاس چوب طراحی اجرا کتابخانه جهزیه لوازم چوبی جاکفش جالاک جاتاج پاف فایل مبل تخت صندلی ', b'0', 0),
(35, 'کمد', 1050000, 1400000, 34, '1058MC', NULL, NULL, 6, 'آینه کنسول میز کمد بوفه نیمکت ترولی مانیکور پدیکور شزلون کابینت فایبرگلاس چوب طراحی اجرا کتابخانه جهزیه لوازم چوبی جاکفش جالاک جاتاج پاف فایل مبل تخت صندلی ', b'0', 0),
(36, 'کمد', 1000000, 1300000, 34, '1045MC', NULL, NULL, 6, '', b'0', 0),
(37, 'آینه ایکیا و کنسول', 700000, 850000, 34, '1060MC', NULL, NULL, 11, '', b'0', 0),
(39, 'فایل کمد', 550000, 700000, 34, '1073MC', NULL, NULL, 34, '', b'0', 0),
(40, 'کنسول', 1400000, 1700000, 34, '1074MC', NULL, NULL, 11, '', b'0', 0),
(41, 'فایل سه کشو', 400000, 550000, 34, '1075MC', NULL, NULL, 34, '', b'0', 0),
(42, 'میز تحریر', 1000000, 1300000, 34, '1054MC', NULL, NULL, 38, '', b'0', 0),
(43, 'میز تحریر', 1550000, 1900000, 34, '1080MC', NULL, NULL, 38, '', b'0', 0),
(44, 'فایل', 750000, 900000, 34, '1081MC', NULL, NULL, 34, '', b'0', 0),
(45, 'آینه, کنسول و پاف', 2000000, 2500000, 34, '1082MC', NULL, NULL, 11, '', b'0', 0),
(46, 'میز تحریر', 1000000, 1300000, 34, '1083MC', NULL, NULL, 38, '', b'0', 0),
(47, 'کنسول', 900000, 1200000, 34, '1084MC', NULL, NULL, 11, '', b'0', 0),
(48, 'آینه, کنسول و پاف', 1450000, 1800000, 34, '1085MC', NULL, NULL, 11, '', b'0', 0),
(49, 'آینه و کنسول', 1750000, 2100000, 34, '1086MC', NULL, NULL, 11, '', b'0', 0),
(50, 'آینه, کنسول و پاف', 1850000, 2200000, 34, '1087MC', NULL, NULL, 11, '', b'0', 0),
(51, 'آینه, کنسول و پاف', 1500000, 1800000, 34, '1099MC', NULL, NULL, 11, 'آینه کنسول میز کمد بوفه نیمکت ترولی مانیکور پدیکور شزلون کابینت فایبرگلاس چوب طراحی اجرا کتابخانه جهزیه لوازم چوبی جاکفش جالاک جاتاج پاف فایل مبل تجهیزات آرایشگاه', b'0', 0),
(52, 'آینه و کنسول', 1000000, 1300000, 34, '1089MC', NULL, NULL, 11, 'آینه کنسول میز کمد بوفه نیمکت ترولی مانیکور پدیکور شزلون کابینت فایبرگلاس چوب طراحی اجرا کتابخانه جهزیه لوازم چوبی جاکفش جالاک جاتاج پاف فایل مبل تجهیزات آرایشگاه', b'0', 0),
(53, 'آینه و کنسول', 1200000, 1500000, 34, '1088MC', NULL, NULL, 11, 'خرید اینترنتی آینه و کنسول - سفارش آینه و کنسول - آینه و کنسول - آینه کنسول ', b'0', 0),
(54, 'آینه و کنسول', 2200000, 2700000, 34, '1092MC', NULL, NULL, 11, 'آینه کنسول میز کمد بوفه نیمکت ترولی مانیکور پدیکور شزلون کابینت فایبرگلاس چوب طراحی اجرا کتابخانه جهزیه لوازم چوبی جاکفش جالاک جاتاج پاف فایل مبل تجهیزات آرایشگاه', b'0', 0),
(55, 'کمد', 900000, 1200000, 34, '1090MC', NULL, NULL, 6, 'آینه کنسول میز کمد بوفه نیمکت ترولی مانیکور پدیکور شزلون کابینت فایبرگلاس چوب طراحی اجرا کتابخانه جهزیه لوازم چوبی جاکفش جالاک جاتاج پاف فایل مبل تجهیزات آرایشگاه', b'0', 0),
(56, 'فایل', 650000, 850000, 34, '1091MC', NULL, NULL, 34, 'آینه کنسول میز کمد بوفه نیمکت ترولی مانیکور پدیکور شزلون کابینت فایبرگلاس چوب طراحی اجرا کتابخانه جهزیه لوازم چوبی جاکفش جالاک جاتاج پاف فایل مبل تجهیزات آرایشگاه', b'0', 0),
(57, 'سرویس خواب', 3350000, 3900000, 34, '1093MC', NULL, NULL, 7, 'آینه کنسول میز کمد بوفه نیمکت ترولی مانیکور پدیکور شزلون کابینت فایبرگلاس چوب طراحی اجرا کتابخانه جهزیه لوازم چوبی جاکفش جالاک جاتاج پاف فایل مبل تجهیزات آرایشگاه', b'0', 0),
(58, 'بوفه', 850000, 1100000, 34, '1094MC', NULL, NULL, 6, 'آینه کنسول میز کمد بوفه نیمکت ترولی مانیکور پدیکور شزلون کابینت فایبرگلاس چوب طراحی اجرا کتابخانه جهزیه لوازم چوبی جاکفش جالاک جاتاج پاف فایل مبل تجهیزات آرایشگاه', b'0', 0),
(59, 'آینه و کنسول', 2200000, 2500000, 34, '1098MC', NULL, NULL, 11, 'آینه کنسول میز کمد بوفه نیمکت ترولی مانیکور پدیکور شزلون کابینت فایبرگلاس چوب طراحی اجرا کتابخانه جهزیه لوازم چوبی جاکفش جالاک جاتاج پاف فایل مبل تجهیزات آرایشگاه', b'0', 0),
(60, 'کانتر منشی', 600000, 1000000, 34, '1095MC', NULL, NULL, 39, 'آینه کنسول میز کمد بوفه نیمکت ترولی مانیکور پدیکور شزلون کابینت فایبرگلاس چوب طراحی اجرا کتابخانه جهزیه لوازم چوبی جاکفش جالاک جاتاج پاف فایل مبل تجهیزات آرایشگاه', b'0', 0),
(61, 'کانتر منشی', 1300000, 1600000, 34, '1097MC', NULL, NULL, 39, 'آینه کنسول میز کمد بوفه نیمکت ترولی مانیکور پدیکور شزلون کابینت فایبرگلاس چوب طراحی اجرا کتابخانه جهزیه لوازم چوبی جاکفش جالاک جاتاج پاف فایل مبل تجهیزات آرایشگاه', b'0', 0),
(62, 'سرویس خواب', 2800000, 3300000, 35, '1050MO', NULL, NULL, 7, '', b'0', 0),
(63, 'آینه قدی و کنسول کوچک', 1200000, 1700000, 34, '1024MC', NULL, NULL, 11, '', b'0', 0),
(64, 'میز تلفن تک کشو', 500000, 650000, 34, '1035MC', NULL, NULL, 35, '', b'0', 0),
(65, 'میزتلفن دوکشو', 550000, 700000, 34, '1044MC', NULL, NULL, 35, '', b'0', 0),
(66, 'آینه و کنسول', 1500000, 1800000, 34, '1096MC', NULL, NULL, 11, '', b'0', 0),
(67, 'میز ناهار خوری مروارید', 1000000, 1200000, 42, '1000HV', NULL, NULL, 28, '', b'0', 0),
(68, 'میز ناهار خوری ماهان', 900000, 1100000, 42, '1001HV', NULL, NULL, 28, '', b'0', 0),
(69, 'میز ناهار خوری ماهان', 1000000, 1200000, 42, '1002HV', NULL, NULL, 28, '', b'0', 0),
(70, 'میز ناهار خوری خشتی', 1500000, 1800000, 42, '1003HV', NULL, NULL, 28, '', b'0', 0),
(71, 'میز ناهار خوری مرینوس', 2100000, 2550000, 42, '1004HV', NULL, NULL, 28, '', b'0', 0),
(72, 'میز ناهار خوری بوگاتی', 3000000, 3450000, 42, '1005HV', NULL, NULL, 28, '', b'0', 0),
(73, 'کنسول', 850000, 1100000, 34, '1101MC', NULL, NULL, 11, '', b'0', 0),
(74, 'میز ناهار خوری', 1000000, 1300000, 42, '1006HV', NULL, NULL, 28, '', b'0', 0),
(75, 'میز ناهار خوری النا', 1400000, 1700000, 42, '1007HV', NULL, NULL, 28, '', b'0', 0),
(76, 'میز ناهار خوری کمجا', 1100000, 1400000, 42, '1008HV', NULL, NULL, 28, '', b'0', 0),
(77, 'آینه و کنسول چوبی', 1600000, 2200000, 42, '1009HV', NULL, NULL, 11, '', b'0', 0),
(78, 'آینه و کنسول 4 درب', 2200000, 2700000, 34, '1102MC', NULL, NULL, 11, '', b'0', 0),
(79, 'آینه و کنسول', 1000000, 1300000, 34, '1103MC', NULL, NULL, 11, '', b'0', 0),
(80, 'آینه و کنسول دونفره', 2400000, 2900000, 34, '1104MC', NULL, NULL, 11, '', b'0', 0),
(81, 'آینه دایره و کنسول', 1200000, 1500000, 34, '1105MC', NULL, NULL, 11, 'آینه و کنسول دایره. مدل بسیار شیک و زیبا.', b'0', 0),
(82, 'آینه و کنسول', 1500000, 1800000, 34, '1131MC', NULL, NULL, 11, '', b'0', 0),
(83, 'آینه بیضی و کنسول', 1300000, 1600000, 34, '1107MC', NULL, NULL, 11, '', b'0', 0),
(84, 'نیمکت انتظار باکس دار', 550000, 750000, 34, '1106MC', NULL, NULL, 12, '', b'0', 0),
(85, 'نیمکت انتظار باکس دار', 600000, 800000, 34, '1130MC', NULL, NULL, 12, '', b'0', 0),
(86, 'نیمکت انتظار باکس دار', 550000, 750000, 34, '1108MC', NULL, NULL, 12, '', b'0', 0),
(87, 'نیمکت انتظار باکس دار', 550000, 750000, 34, '1109MC', NULL, NULL, 12, '', b'0', 0),
(88, 'نیمکت انتظار', 500000, 700000, 34, '1110MC', NULL, NULL, 12, '', b'0', 0),
(89, 'نیمکت انتظار باکس دار', 550000, 750000, 34, '1111MC', NULL, NULL, 12, '', b'0', 0),
(90, 'نیمکت انتظار کشودار', 950000, 1200000, 34, '1112MC', NULL, NULL, 12, '', b'0', 0),
(91, 'میز ناهار خوری کمجا', 1600000, 1900000, 42, '1113HV', NULL, NULL, 28, '', b'0', 0),
(92, 'نیمکت انتظار', 500000, 700000, 34, '1114MC', NULL, NULL, 12, '', b'0', 0),
(93, 'نیمکت انتظار', 500000, 700000, 34, '1115MC', NULL, NULL, 12, '', b'0', 0),
(94, 'میز ناهار خوری کمجا', 1100000, 1400000, 42, '1116HV', NULL, NULL, 28, '', b'0', 0),
(95, 'نیمکت انتظار', 900000, 1200000, 34, '1117MC', NULL, NULL, 12, '', b'0', 0),
(96, 'پاف', 250000, 350000, 34, '1118MC', NULL, NULL, 12, '', b'0', 0),
(97, 'پاف', 250000, 350000, 34, '1119MC', NULL, NULL, 12, '', b'0', 0),
(98, 'نیمکت انتظار باکس دار', 550000, 750000, 34, '1120MC', NULL, NULL, 12, '', b'0', 0),
(99, 'کانتر منشی', 700000, 850000, 34, '1121MC', NULL, NULL, 39, '', b'0', 0),
(100, 'کانتر منشی', 1400000, 1700000, 34, '1122MC', NULL, NULL, 39, '', b'0', 0),
(101, 'کانتر منشی', 2300000, 2750000, 34, '1123MC', NULL, NULL, 39, '', b'0', 0),
(102, 'کانتر منشی', 3700000, 4400000, 34, '1124MC', NULL, NULL, 39, '', b'0', 0),
(103, 'کانتر منشی', 1400000, 1700000, 34, '1125MC', NULL, NULL, 39, '', b'0', 0),
(104, 'کانتر منشی', 4500000, 5200000, 34, '1126MC', NULL, NULL, 39, '', b'0', 0),
(105, 'کانتر منشی', 2300000, 2800000, 34, '1127MC', NULL, NULL, 39, '', b'0', 0),
(106, 'کانتر منشی', 850000, 1000000, 34, '1128MC', NULL, NULL, 39, '', b'0', 0),
(107, 'کانتر منشی', 1600000, 1900000, 34, '1129MC', NULL, NULL, 39, '', b'0', 0),
(108, 'کانتر منشی', 1000000, 1200000, 34, '1133MC', NULL, NULL, 39, '', b'0', 0),
(109, 'کانتر منشی', 1300000, 1600000, 34, '1134MC', NULL, NULL, 39, '', b'0', 0),
(110, 'میز ناخن', 750000, 900000, 34, '1135MC', NULL, NULL, 22, '', b'0', 0),
(111, 'میز ناخن', 750000, 900000, 34, '1136MC', NULL, NULL, 22, '', b'0', 0),
(112, 'میز ناخن', 650000, 800000, 34, '1137MC', NULL, NULL, 22, '', b'0', 0),
(113, 'میز ناخن دو نفره', 900000, 1100000, 34, '1138MC', NULL, NULL, 22, '', b'0', 0),
(114, 'میز ناخن', 650000, 800000, 34, '1139MC', NULL, NULL, 22, '', b'0', 0),
(115, 'میز ناخن دو نفره', 900000, 1100000, 34, '1140MC', NULL, NULL, 22, '', b'0', 0);

-- --------------------------------------------------------

--
-- Table structure for table `product_field`
--

CREATE TABLE `product_field` (
  `product_id` bigint(20) NOT NULL,
  `field_id` bigint(20) NOT NULL,
  `value` varchar(200) COLLATE utf8_unicode_ci NOT NULL,
  `numeric_value` bigint(20) DEFAULT NULL,
  `value_id` bigint(20) DEFAULT NULL
) ENGINE=InnoDB DEFAULT CHARSET=utf8 COLLATE=utf8_unicode_ci;

--
-- Dumping data for table `product_field`
--

INSERT INTO `product_field` (`product_id`, `field_id`, `value`, `numeric_value`, `value_id`) VALUES
(1, 1, '', 80, NULL),
(2, 1, '', 48, NULL),
(3, 1, '', 83, NULL),
(4, 1, '', 80, NULL),
(5, 1, '', 90, NULL),
(6, 1, '', 90, NULL),
(7, 1, '', 200, NULL),
(8, 1, '', 80, NULL),
(9, 1, '', 200, NULL),
(10, 1, '', 45, NULL),
(11, 1, '', 185, NULL),
(13, 1, '', 50, NULL),
(14, 1, '', 100, NULL),
(15, 1, '', 120, NULL),
(16, 1, '', 190, NULL),
(20, 1, '', 80, NULL),
(21, 1, '', 80, NULL),
(22, 1, '', 90, NULL),
(23, 1, '', 90, NULL),
(25, 1, '', 80, NULL),
(28, 1, '', 48, NULL),
(30, 1, '', 80, NULL),
(33, 1, '', 80, NULL),
(34, 1, '', 50, NULL),
(35, 1, '', 180, NULL),
(37, 1, '', 100, NULL),
(39, 1, '', 110, NULL),
(44, 1, '', 110, NULL),
(53, 1, '', 80, NULL),
(60, 1, '', 120, NULL),
(61, 1, '', 120, NULL),
(71, 1, '', 75, NULL),
(76, 1, '', 75, NULL),
(81, 1, '', 80, NULL),
(84, 1, '', 48, NULL),
(85, 1, '', 50, NULL),
(86, 1, '', 48, NULL),
(87, 1, '', 48, NULL),
(88, 1, '', 47, NULL),
(89, 1, '', 48, NULL),
(91, 1, '', 80, NULL),
(92, 1, '', 50, NULL),
(93, 1, '', 50, NULL),
(94, 1, '', 75, NULL),
(95, 1, '', 100, NULL),
(96, 1, '', 45, NULL),
(97, 1, '', 45, NULL),
(98, 1, '', 50, NULL),
(99, 1, '', 120, NULL),
(100, 1, '', 120, NULL),
(101, 1, '', 120, NULL),
(102, 1, '', 120, NULL),
(103, 1, '', 120, NULL),
(104, 1, '', 120, NULL),
(105, 1, '', 120, NULL),
(106, 1, '', 80, NULL),
(107, 1, '', 120, NULL),
(108, 1, '', 120, NULL),
(109, 1, '', 120, NULL),
(110, 1, '', 80, NULL),
(111, 1, '', 80, NULL),
(112, 1, '', 80, NULL),
(113, 1, '', 80, NULL),
(114, 1, '', 80, NULL),
(115, 1, '', 80, NULL),
(2, 2, '', 25, NULL),
(28, 2, '', 25, NULL),
(34, 2, '', 22, NULL),
(84, 2, '', 25, NULL),
(85, 2, '', 22, NULL),
(86, 2, '', 20, NULL),
(87, 2, '', 25, NULL),
(89, 2, '', 25, NULL),
(99, 2, '', 40, NULL),
(1, 4, '', 4, NULL),
(2, 4, '', 4, NULL),
(3, 4, '', 2, NULL),
(13, 4, '', 4, NULL),
(14, 4, '', 4, NULL),
(28, 4, '', 4, NULL),
(31, 4, '', 5, NULL),
(34, 4, '', 4, NULL),
(44, 4, '', 4, NULL),
(84, 4, '', 4, NULL),
(85, 4, '', 4, NULL),
(86, 4, '', 4, NULL),
(87, 4, '', 4, NULL),
(88, 4, '', 4, NULL),
(89, 4, '', 4, NULL),
(90, 4, '', 4, NULL),
(92, 4, '', 4, NULL),
(93, 4, '', 4, NULL),
(95, 4, '', 4, NULL),
(96, 4, '', 4, NULL),
(97, 4, '', 4, NULL),
(98, 4, '', 4, NULL),
(99, 4, '', 4, NULL),
(108, 4, '', 4, NULL),
(112, 4, '', 4, NULL),
(113, 4, '', 4, NULL),
(114, 4, '', 4, NULL),
(115, 4, '', 4, NULL),
(1, 5, '', 3, NULL),
(3, 5, '', 2, NULL),
(14, 5, '', 2, NULL),
(15, 5, '', 3, NULL),
(31, 5, '', 4, NULL),
(44, 5, '', 5, NULL),
(60, 5, '', 1, NULL),
(61, 5, '', 3, NULL),
(90, 5, '', 3, NULL),
(95, 5, '', 2, NULL),
(99, 5, '', 2, NULL),
(100, 5, '', 3, NULL),
(103, 5, '', 3, NULL),
(109, 5, '', 1, NULL),
(111, 5, '', 1, NULL),
(112, 5, '', 2, NULL),
(113, 5, '', 3, NULL),
(114, 5, '', 2, NULL),
(115, 5, '', 3, NULL),
(2, 6, 'طول 130 سانتیمتر، به قیمت نهایی 100 هزار تومان افزوده می‌شود. همچنین رنگ پارچه و بدنه به سلیقه مشتریان عزیز می‌باشد', NULL, NULL),
(13, 6, 'رنگ پارچه و بدنه به سلیقه مشتریان عزیز می‌باشد', NULL, NULL),
(14, 6, 'رنگ پارچه و بدنه به سلیقه مشتریان عزیز می‌باشد', NULL, NULL),
(16, 6, 'شکل پایه در تصویر کمی تغییر کرده است', NULL, NULL),
(17, 6, 'قطر 90cm', NULL, NULL),
(19, 6, 'اندازه پاف 40*50', NULL, NULL),
(28, 6, 'طول 130 سانتیمتر، به قیمت نهایی 100 هزار تومان افزوده می‌شود. همچنین رنگ پارچه و بدنه به سلیقه مشتریان عزیز می‌باشد', NULL, NULL),
(31, 6, 'رنگ پارچه و بدنه به سلیقه مشتریان عزیز می‌باشد', NULL, NULL),
(34, 6, 'رنگ پارچه و بدنه به سلیقه مشتریان عزیز می‌باشد', NULL, NULL),
(37, 6, 'اندازه آینه 53*86', NULL, NULL),
(68, 6, 'قطر ۷۰ سانتی متر', NULL, NULL),
(69, 6, 'قطر ۷۰ سانتی متر', NULL, NULL),
(71, 6, 'جنس صفحه ام دي اف می باشد و جنس پايه ميز و صندلي، چوب توسكا می باشد.', NULL, NULL),
(76, 6, 'جنس محصول از نوع چوب روس می باشد و هزینه آن با شیشه روی میز می باشد.', NULL, NULL),
(80, 6, 'اندازه آینه 90*110', NULL, NULL),
(81, 6, 'قطر آینه 180', NULL, NULL),
(84, 6, 'طول 130 سانتیمتر، به قیمت نهایی 100 هزار تومان افزوده می‌شود. همچنین رنگ پارچه و بدنه به سلیقه مشتریان عزیز می‌باشد', NULL, NULL),
(85, 6, 'رنگ پارچه و بدنه به سلیقه مشتریان عزیز می‌باشد', NULL, NULL),
(86, 6, 'طول 130 سانتیمتر، به قیمت نهایی 100 هزار تومان افزوده می‌شود. همچنین رنگ پارچه و بدنه به سلیقه مشتریان عزیز می‌باشد', NULL, NULL),
(87, 6, 'طول 130 سانتیمتر، به قیمت نهایی 100 هزار تومان افزوده می‌شود. همچنین رنگ پارچه و بدنه به سلیقه مشتریان عزیز می‌باشد', NULL, NULL),
(88, 6, 'رنگ پارچه و بدنه به سلیقه مشتریان عزیز می‌باشد\r\n', NULL, NULL),
(89, 6, 'طول 130 سانتیمتر، به قیمت نهایی 100 هزار تومان افزوده می‌شود. همچنین رنگ پارچه و بدنه به سلیقه مشتریان عزیز می‌باشد', NULL, NULL),
(90, 6, 'رنگ پارچه و بدنه به سلیقه مشتریان عزیز می‌باشد', NULL, NULL),
(92, 6, 'رنگ پارچه و بدنه به سلیقه مشتریان عزیز می‌باشد', NULL, NULL),
(93, 6, 'رنگ پارچه و بدنه به سلیقه مشتریان عزیز می‌باشد', NULL, NULL),
(94, 6, 'جنس محصول از نوع چوب روس می باشد.', NULL, NULL),
(95, 6, 'رنگ پارچه و بدنه به سلیقه مشتریان عزیز می‌باشد', NULL, NULL),
(96, 6, 'رنگ پارچه و بدنه به سلیقه مشتریان عزیز می‌باشد', NULL, NULL),
(97, 6, 'رنگ پارچه و بدنه به سلیقه مشتریان عزیز می‌باشد', NULL, NULL),
(98, 6, 'رنگ پارچه و بدنه به سلیقه مشتریان عزیز می‌باشد', NULL, NULL),
(1, 7, '', NULL, 1),
(2, 7, '', NULL, 1),
(4, 7, '', NULL, 1),
(5, 7, '', NULL, 1),
(6, 7, '', NULL, 1),
(7, 7, '', NULL, 2),
(8, 7, '', NULL, 3),
(9, 7, '', NULL, 2),
(10, 7, '', NULL, 2),
(11, 7, '', NULL, 2),
(12, 7, '', NULL, 4),
(13, 7, '', NULL, 1),
(14, 7, '', NULL, 1),
(15, 7, '', NULL, 1),
(16, 7, '', NULL, 1),
(17, 7, '', NULL, 4),
(18, 7, '', NULL, 4),
(19, 7, '', NULL, 4),
(20, 7, '', NULL, 1),
(21, 7, '', NULL, 1),
(22, 7, '', NULL, 1),
(23, 7, '', NULL, 4),
(24, 7, '', NULL, 4),
(25, 7, '', NULL, 1),
(26, 7, '', NULL, 4),
(27, 7, '', NULL, 4),
(28, 7, '', NULL, 1),
(29, 7, '', NULL, 1),
(30, 7, '', NULL, 1),
(31, 7, '', NULL, 1),
(32, 7, '', NULL, 4),
(33, 7, '', NULL, 1),
(34, 7, '', NULL, 1),
(35, 7, '', NULL, 1),
(36, 7, '', NULL, 1),
(37, 7, '', NULL, 1),
(39, 7, '', NULL, 1),
(40, 7, '', NULL, 1),
(41, 7, '', NULL, 1),
(42, 7, '', NULL, 1),
(43, 7, '', NULL, 1),
(44, 7, '', NULL, 1),
(45, 7, '', NULL, 1),
(46, 7, '', NULL, 1),
(47, 7, '', NULL, 1),
(48, 7, '', NULL, 1),
(49, 7, '', NULL, 1),
(50, 7, '', NULL, 1),
(51, 7, '', NULL, 1),
(52, 7, '', NULL, 1),
(53, 7, '', NULL, 1),
(54, 7, '', NULL, 1),
(55, 7, '', NULL, 1),
(56, 7, '', NULL, 1),
(57, 7, '', NULL, 1),
(58, 7, '', NULL, 1),
(59, 7, '', NULL, 1),
(60, 7, '', NULL, 1),
(61, 7, '', NULL, 1),
(62, 7, '', NULL, 1),
(63, 7, '', NULL, 1),
(64, 7, '', NULL, 1),
(65, 7, '', NULL, 1),
(66, 7, '', NULL, 1),
(67, 7, '', NULL, 5),
(68, 7, '', NULL, 5),
(69, 7, '', NULL, 5),
(70, 7, '', NULL, 5),
(71, 7, '', NULL, 5),
(72, 7, '', NULL, 5),
(73, 7, '', NULL, 1),
(74, 7, '', NULL, 5),
(76, 7, '', NULL, 5),
(79, 7, '', NULL, 1),
(80, 7, '', NULL, 1),
(81, 7, '', NULL, 1),
(82, 7, '', NULL, 1),
(83, 7, '', NULL, 1),
(84, 7, '', NULL, 1),
(85, 7, '', NULL, 1),
(86, 7, '', NULL, 1),
(87, 7, '', NULL, 1),
(88, 7, '', NULL, 1),
(89, 7, '', NULL, 1),
(90, 7, '', NULL, 1),
(91, 7, '', NULL, 5),
(92, 7, '', NULL, 1),
(93, 7, '', NULL, 1),
(94, 7, '', NULL, 5),
(95, 7, '', NULL, 1),
(96, 7, '', NULL, 1),
(97, 7, '', NULL, 1),
(98, 7, '', NULL, 1),
(99, 7, '', NULL, 1),
(100, 7, '', NULL, 1),
(101, 7, '', NULL, 1),
(102, 7, '', NULL, 1),
(103, 7, '', NULL, 1),
(104, 7, '', NULL, 1),
(105, 7, '', NULL, 1),
(106, 7, '', NULL, 1),
(107, 7, '', NULL, 1),
(108, 7, '', NULL, 1),
(109, 7, '', NULL, 1),
(110, 7, '', NULL, 1),
(111, 7, '', NULL, 1),
(112, 7, '', NULL, 1),
(113, 7, '', NULL, 1),
(114, 7, '', NULL, 1),
(115, 7, '', NULL, 1),
(1, 8, '', NULL, 7),
(2, 8, '', NULL, 7),
(3, 8, '', NULL, 7),
(4, 8, '', NULL, 7),
(5, 8, '', NULL, 7),
(6, 8, '', NULL, 7),
(13, 8, '', NULL, 7),
(14, 8, '', NULL, 7),
(15, 8, '', NULL, 7),
(17, 8, '', NULL, 7),
(20, 8, '', NULL, 7),
(21, 8, '', NULL, 7),
(22, 8, '', NULL, 7),
(23, 8, '', NULL, 7),
(25, 8, '', NULL, 7),
(28, 8, '', NULL, 7),
(31, 8, '', NULL, 7),
(32, 8, '', NULL, 7),
(33, 8, '', NULL, 7),
(34, 8, '', NULL, 7),
(35, 8, '', NULL, 7),
(36, 8, '', NULL, 7),
(37, 8, '', NULL, 7),
(39, 8, '', NULL, 7),
(40, 8, '', NULL, 7),
(41, 8, '', NULL, 7),
(42, 8, '', NULL, 7),
(43, 8, '', NULL, 7),
(44, 8, '', NULL, 7),
(45, 8, '', NULL, 7),
(46, 8, '', NULL, 7),
(47, 8, '', NULL, 7),
(48, 8, '', NULL, 7),
(49, 8, '', NULL, 7),
(50, 8, '', NULL, 7),
(51, 8, '', NULL, 7),
(52, 8, '', NULL, 7),
(53, 8, '', NULL, 7),
(54, 8, '', NULL, 7),
(55, 8, '', NULL, 7),
(56, 8, '', NULL, 7),
(57, 8, '', NULL, 7),
(58, 8, '', NULL, 7),
(59, 8, '', NULL, 7),
(60, 8, '', NULL, 7),
(61, 8, '', NULL, 7),
(62, 8, '', NULL, 7),
(63, 8, '', NULL, 7),
(64, 8, '', NULL, 7),
(65, 8, '', NULL, 7),
(66, 8, '', NULL, 7),
(67, 8, '', NULL, 7),
(68, 8, '', NULL, 7),
(69, 8, '', NULL, 7),
(70, 8, '', NULL, 7),
(71, 8, '', NULL, 7),
(72, 8, '', NULL, 7),
(73, 8, '', NULL, 7),
(74, 8, '', NULL, 7),
(79, 8, '', NULL, 7),
(80, 8, '', NULL, 7),
(81, 8, '', NULL, 7),
(82, 8, '', NULL, 7),
(83, 8, '', NULL, 7),
(84, 8, '', NULL, 7),
(85, 8, '', NULL, 7),
(86, 8, '', NULL, 7),
(87, 8, '', NULL, 7),
(88, 8, '', NULL, 7),
(89, 8, '', NULL, 7),
(90, 8, '', NULL, 7),
(92, 8, '', NULL, 7),
(93, 8, '', NULL, 7),
(95, 8, '', NULL, 7),
(96, 8, '', NULL, 7),
(97, 8, '', NULL, 7),
(98, 8, '', NULL, 7),
(99, 8, '', NULL, 7),
(100, 8, '', NULL, 7),
(101, 8, '', NULL, 7),
(102, 8, '', NULL, 7),
(103, 8, '', NULL, 7),
(104, 8, '', NULL, 7),
(105, 8, '', NULL, 7),
(106, 8, '', NULL, 7),
(107, 8, '', NULL, 7),
(108, 8, '', NULL, 7),
(109, 8, '', NULL, 7),
(110, 8, '', NULL, 7),
(111, 8, '', NULL, 7),
(112, 8, '', NULL, 7),
(113, 8, '', NULL, 7),
(114, 8, '', NULL, 7),
(115, 8, '', NULL, 7),
(1, 9, '', 25, NULL),
(2, 9, '', 25, NULL),
(3, 9, '', 10, NULL),
(4, 9, '', 10, NULL),
(5, 9, '', 15, NULL),
(6, 9, '', 15, NULL),
(7, 9, '', 10, NULL),
(8, 9, '', 10, NULL),
(9, 9, '', 10, NULL),
(10, 9, '', 10, NULL),
(11, 9, '', 10, NULL),
(12, 9, '', 10, NULL),
(13, 9, '', 25, NULL),
(14, 9, '', 25, NULL),
(15, 9, '', 25, NULL),
(16, 9, '', 10, NULL),
(17, 9, '', 10, NULL),
(18, 9, '', 10, NULL),
(19, 9, '', 10, NULL),
(20, 9, '', 15, NULL),
(21, 9, '', 15, NULL),
(22, 9, '', 25, NULL),
(23, 9, '', 10, NULL),
(24, 9, '', 10, NULL),
(25, 9, '', 15, NULL),
(26, 9, '', 10, NULL),
(27, 9, '', 10, NULL),
(28, 9, '', 25, NULL),
(29, 9, '', 10, NULL),
(30, 9, '', 10, NULL),
(31, 9, '', 25, NULL),
(32, 9, '', 10, NULL),
(33, 9, '', 10, NULL),
(34, 9, '', 25, NULL),
(35, 9, '', 10, NULL),
(36, 9, '', 10, NULL),
(37, 9, '', 10, NULL),
(39, 9, '', 10, NULL),
(40, 9, '', 10, NULL),
(41, 9, '', 10, NULL),
(42, 9, '', 15, NULL),
(43, 9, '', 30, NULL),
(44, 9, '', 15, NULL),
(45, 9, '', 25, NULL),
(46, 9, '', 25, NULL),
(47, 9, '', 25, NULL),
(48, 9, '', 25, NULL),
(49, 9, '', 25, NULL),
(50, 9, '', 25, NULL),
(51, 9, '', 25, NULL),
(52, 9, '', 25, NULL),
(53, 9, '', 25, NULL),
(54, 9, '', 25, NULL),
(55, 9, '', 25, NULL),
(56, 9, '', 25, NULL),
(57, 9, '', 30, NULL),
(58, 9, '', 25, NULL),
(59, 9, '', 30, NULL),
(60, 9, '', 25, NULL),
(61, 9, '', 25, NULL),
(62, 9, '', 30, NULL),
(63, 9, '', 25, NULL),
(64, 9, '', 25, NULL),
(65, 9, '', 25, NULL),
(66, 9, '', 25, NULL),
(67, 9, '', 15, NULL),
(68, 9, '', 15, NULL),
(69, 9, '', 15, NULL),
(70, 9, '', 15, NULL),
(71, 9, '', 15, NULL),
(72, 9, '', 15, NULL),
(73, 9, '', 15, NULL),
(74, 9, '', 15, NULL),
(76, 9, '', 15, NULL),
(79, 9, '', 20, NULL),
(80, 9, '', 20, NULL),
(81, 9, '', 25, NULL),
(82, 9, '', 20, NULL),
(83, 9, '', 30, NULL),
(84, 9, '', 25, NULL),
(85, 9, '', 25, NULL),
(86, 9, '', 25, NULL),
(87, 9, '', 25, NULL),
(88, 9, '', 25, NULL),
(89, 9, '', 25, NULL),
(90, 9, '', 25, NULL),
(91, 9, '', 15, NULL),
(92, 9, '', 25, NULL),
(93, 9, '', 25, NULL),
(94, 9, '', 15, NULL),
(95, 9, '', 25, NULL),
(96, 9, '', 25, NULL),
(97, 9, '', 25, NULL),
(98, 9, '', 25, NULL),
(99, 9, '', 25, NULL),
(100, 9, '', 25, NULL),
(101, 9, '', 25, NULL),
(102, 9, '', 25, NULL),
(103, 9, '', 25, NULL),
(104, 9, '', 25, NULL),
(105, 9, '', 25, NULL),
(106, 9, '', 25, NULL),
(107, 9, '', 25, NULL),
(108, 9, '', 25, NULL),
(109, 9, '', 25, NULL),
(110, 9, '', 25, NULL),
(111, 9, '', 25, NULL),
(112, 9, '', 25, NULL),
(113, 9, '', 25, NULL),
(114, 9, '', 25, NULL),
(115, 9, '', 25, NULL),
(1, 10, '', 80, NULL),
(2, 10, '', 100, NULL),
(3, 10, '', 85, NULL),
(4, 10, '', 100, NULL),
(5, 10, '', 100, NULL),
(6, 10, '', 150, NULL),
(7, 10, '', 70, NULL),
(8, 10, '', 50, NULL),
(9, 10, '', 60, NULL),
(10, 10, '', 150, NULL),
(11, 10, '', 100, NULL),
(13, 10, '', 100, NULL),
(14, 10, '', 130, NULL),
(15, 10, '', 130, NULL),
(16, 10, '', 60, NULL),
(20, 10, '', 100, NULL),
(21, 10, '', 100, NULL),
(22, 10, '', 180, NULL),
(23, 10, '', 150, NULL),
(25, 10, '', 90, NULL),
(28, 10, '', 100, NULL),
(30, 10, '', 53, NULL),
(31, 10, '', 130, NULL),
(34, 10, '', 100, NULL),
(37, 10, '', 100, NULL),
(53, 10, '', 110, NULL),
(60, 10, '', 95, NULL),
(61, 10, '', 120, NULL),
(71, 10, '', 120, NULL),
(80, 10, '', 240, NULL),
(81, 10, '', 100, NULL),
(84, 10, '', 100, NULL),
(85, 10, '', 100, NULL),
(86, 10, '', 100, NULL),
(87, 10, '', 100, NULL),
(88, 10, '', 100, NULL),
(89, 10, '', 100, NULL),
(90, 10, '', 140, NULL),
(91, 10, '', 150, NULL),
(92, 10, '', 100, NULL),
(93, 10, '', 100, NULL),
(95, 10, '', 130, NULL),
(96, 10, '', 40, NULL),
(97, 10, '', 40, NULL),
(98, 10, '', 100, NULL),
(99, 10, '', 100, NULL),
(100, 10, '', 130, NULL),
(101, 10, '', 160, NULL),
(102, 10, '', 160, NULL),
(103, 10, '', 130, NULL),
(104, 10, '', 220, NULL),
(105, 10, '', 140, NULL),
(106, 10, '', 120, NULL),
(107, 10, '', 140, NULL),
(108, 10, '', 130, NULL),
(109, 10, '', 120, NULL),
(110, 10, '', 120, NULL),
(111, 10, '', 120, NULL),
(112, 10, '', 120, NULL),
(113, 10, '', 210, NULL),
(114, 10, '', 120, NULL),
(115, 10, '', 210, NULL),
(2, 11, '', 2, NULL),
(13, 11, '', 2, NULL),
(14, 11, '', 2, NULL),
(28, 11, '', 2, NULL),
(31, 11, '', 6, NULL),
(34, 11, '', 2, NULL),
(71, 11, '', 4, NULL),
(76, 11, '', 4, NULL),
(84, 11, '', 2, NULL),
(85, 11, '', 2, NULL),
(86, 11, '', 2, NULL),
(87, 11, '', 2, NULL),
(88, 11, '', 2, NULL),
(89, 11, '', 2, NULL),
(90, 11, '', 3, NULL),
(91, 11, '', 6, NULL),
(92, 11, '', 2, NULL),
(93, 11, '', 2, NULL),
(94, 11, '', 4, NULL),
(95, 11, '', 2, NULL),
(96, 11, '', 1, NULL),
(97, 11, '', 1, NULL),
(98, 11, '', 2, NULL),
(110, 11, '', 1, NULL),
(111, 11, '', 1, NULL),
(112, 11, '', 1, NULL),
(113, 11, '', 2, NULL),
(114, 11, '', 1, NULL),
(115, 11, '', 2, NULL),
(1, 12, '', 40, NULL),
(2, 12, '', 40, NULL),
(3, 12, '', 40, NULL),
(4, 12, '', 40, NULL),
(5, 12, '', 40, NULL),
(6, 12, '', 40, NULL),
(7, 12, '', 40, NULL),
(8, 12, '', 35, NULL),
(9, 12, '', 40, NULL),
(10, 12, '', 40, NULL),
(11, 12, '', 40, NULL),
(13, 12, '', 45, NULL),
(14, 12, '', 50, NULL),
(15, 12, '', 50, NULL),
(16, 12, '', 40, NULL),
(20, 12, '', 40, NULL),
(21, 12, '', 40, NULL),
(22, 12, '', 45, NULL),
(23, 12, '', 40, NULL),
(25, 12, '', 40, NULL),
(28, 12, '', 40, NULL),
(30, 12, '', 41, NULL),
(33, 12, '', 50, NULL),
(34, 12, '', 40, NULL),
(35, 12, '', 120, NULL),
(39, 12, '', 50, NULL),
(44, 12, '', 45, NULL),
(71, 12, '', 80, NULL),
(81, 12, '', 35, NULL),
(84, 12, '', 40, NULL),
(85, 12, '', 40, NULL),
(86, 12, '', 40, NULL),
(87, 12, '', 40, NULL),
(88, 12, '', 40, NULL),
(89, 12, '', 40, NULL),
(90, 12, '', 45, NULL),
(91, 12, '', 100, NULL),
(92, 12, '', 45, NULL),
(93, 12, '', 45, NULL),
(95, 12, '', 50, NULL),
(96, 12, '', 40, NULL),
(97, 12, '', 40, NULL),
(98, 12, '', 40, NULL),
(99, 12, '', 45, NULL),
(100, 12, '', 50, NULL),
(103, 12, '', 50, NULL),
(107, 12, '', 60, NULL),
(108, 12, '', 50, NULL),
(109, 12, '', 40, NULL),
(110, 12, '', 50, NULL),
(111, 12, '', 50, NULL),
(112, 12, '', 50, NULL),
(113, 12, '', 50, NULL),
(114, 12, '', 50, NULL),
(115, 12, '', 50, NULL),
(33, 13, '', 40, NULL),
(35, 13, '', 40, NULL),
(37, 13, '', 40, NULL),
(39, 13, '', 40, NULL),
(44, 13, '', 40, NULL),
(76, 14, '', 100, NULL),
(94, 14, '', 100, NULL),
(3, 15, '', 125, NULL),
(4, 15, '', 120, NULL),
(5, 15, '', 120, NULL),
(6, 15, '', 130, NULL),
(12, 15, '', 180, NULL),
(18, 15, '', 217, NULL),
(19, 15, '', 180, NULL),
(20, 15, '', 120, NULL),
(21, 15, '', 120, NULL),
(22, 15, '', 170, NULL),
(23, 15, '', 120, NULL),
(24, 15, '', 210, NULL),
(25, 15, '', 105, NULL),
(26, 15, '', 190, NULL),
(27, 15, '', 110, NULL),
(29, 15, '', 100, NULL),
(32, 15, '', 200, NULL),
(3, 16, '', 82, NULL),
(4, 16, '', 90, NULL),
(5, 16, '', 90, NULL),
(6, 16, '', 80, NULL),
(12, 16, '', 80, NULL),
(18, 16, '', 107, NULL),
(19, 16, '', 90, NULL),
(20, 16, '', 90, NULL),
(21, 16, '', 90, NULL),
(22, 16, '', 85, NULL),
(23, 16, '', 90, NULL),
(24, 16, '', 85, NULL),
(25, 16, '', 90, NULL),
(26, 16, '', 55, NULL),
(27, 16, '', 50, NULL),
(29, 16, '', 70, NULL),
(32, 16, '', 90, NULL),
(4, 17, '', NULL, 6),
(5, 17, '', NULL, 6),
(6, 17, '', NULL, 6),
(20, 17, '', NULL, 6),
(21, 17, '', NULL, 6),
(25, 17, '', NULL, 6),
(37, 17, '', NULL, 6),
(80, 17, '', NULL, 6);

-- --------------------------------------------------------

--
-- Table structure for table `settings`
--

CREATE TABLE `settings` (
  `param` varchar(200) COLLATE utf8_unicode_ci NOT NULL,
  `value` varchar(4000) COLLATE utf8_unicode_ci NOT NULL,
  `title` varchar(200) COLLATE utf8_unicode_ci NOT NULL
) ENGINE=InnoDB DEFAULT CHARSET=utf8 COLLATE=utf8_unicode_ci;

--
-- Dumping data for table `settings`
--

INSERT INTO `settings` (`param`, `value`, `title`) VALUES
('address', 'شهرک صنعتی چهاردانگه، خیابان پانزدهم، بالاتر از صنایع، پلاک ۳۵', 'آدرس فروشگاه'),
('address_link', 'https://map.ir/lat/35.583945/lng/51.305820/z/17', 'لینک موقعیت فروشگاه'),
('app_domain', 'choobicenter.ir', 'دامنه سایت'),
('app_name', 'چوبی سنتر', 'نام فروشگاه'),
('app_title', 'فروشگاه اینترنتی محصولات چوبی - چوبی سنتر', 'عنوان صفحه اصلی'),
('email', 'order@choobicenter.ir', 'رایانامه'),
('footer_desc', 'فروشگاه اینترنتی چوبی سنتر', 'متن فوتر'),
('home_categs', '11,12,22,28', 'شناسه دسته های صفحه اصلی'),
('home_categs_min_products', '6', 'حداقل تعداد محصول دست های صفحه اصلی'),
('home_categs_product_count', '15', 'تعداد محصول هر دسته در صفحه اصلی'),
('home_keywords', 'محصولات چوبی,آینه و کنسول,میز مانیکور,نیمکت انتظار,جهزیه,سرویس خواب,کمد دیواری,بوفه,ترولی,ام دی اف,میز تحریر,جالاکی,جاتاجی,کتابخانه,خرید محصولات چوبی,فروشگاه محصولات چوبی,قیمت آینه کنسول,صندلی پدیکور', 'کلیدواژه های صفحه اصلی'),
('home_meta_desc', 'فروشگاه چوبی سنتر، ارائه کننده لوازم چوبی با قیمت مناسب و کیفیت عالی. آینه، کنسول، میز مانیکور، ترولی، نیمکت انتظار، کمد، دراور، بوفه، کابینت، سرویس خواب، دکوراسیون آرایشگاه، دکوراسیون منزل، دکوراسیون ادارات و...', 'توصیف صفحه اصلی'),
('instagram', 'instagram.com/choobicenter', 'آدرس اینستاگرام'),
('max_related_products', '10', 'تعداد محصول مرتبط در صفحه محصول'),
('num_new_products', '15', 'تعداد محصول جدید در صفحه اصلی'),
('phone', '09220870275', 'شماره تماس فروشگاه'),
('product_default_desc', '***جهت ثبت سفارش محصول می‌توانید به واتس آپ 0275-087-0922 یا دایرکت اینستاگرام به آدرس choobicenter@ پیام ارسال کنید.\n***همچنین تماس تلفنی از ساعت 10 الی 22 امکان پذیر می‌باشد\n***قیمت تولیدی\n***پذیرش کلیه سفارشات\n***نصف مبلغ بیعانه و تسویه مابقی قبل ارسال کالا\n***طراحی و اجرای دکور آرایشگاه، آتلیه، منزل و ادارات\n***ارسال توسط باربری به سراسر کشور و هزینه آن به عهده مشتریان عزیز\n\n\nکلیه محصولات از قبیل: آینه، کنسول، کابینت، کمد دیواری، ترولی، جاکفشی، میزغذاخوری، کانتر منشی، نیمکت انتظار، میز مانیکور، میز پدیکور، سرویس خواب، جهیزیه عروس و ... تولید می‌شود.\nدر صورت ارسال تصویر میتوانیم محصول مورد نظر را آماده کنیم.', 'متن پیش فرض همه محصولات'),
('shop_desc', 'فروشگاه اینترنتی چوبی سنتر اولین و بزرگترین فروشگاه اینترنتی لوازم خانگی و اداری است. در چوبی سنتر می توانید انواع  لوازم چوبی، MDF و طرح چوب را با کم ترین قیمت و بالاترین کیفیت تهیه کنید. تمرکز چوبی سنتر بر دکوراسیون منزل، دکوراسیون ادارات، دکوراسیون آرایشگاه ها و دکوراسیون مزون است. در چوبی سنتر می توانید انواع آینه و کنسول، میز آرایش، نیمکت انتظار، میز ناخن (میز مانیکور)، میز تلویزیون، ترولی، جاکفشی، قفسه کتاب (کتابخانه)، کمد و بوفه، سرویس خواب، میز ناهارخوری (میز غذاخوری)، تخت خواب، جا لباسی، میز تلفن، صندلی پدیکور و کانتر منشی را با نازل ترین قیمت و بالاترین کیفیت تهیه کنید. چوبی سنتر محصولات خود را مستقیم از مراکز تولیدی تهیه می کند و به همین دلیل قیمت آن نسبت به سایر فروشگاه ها به طرز چشمگیری پایین تر است. در عین حال کیفیت محصولات و رضایت مشتری اصلی ترین دغدغه چوبی سنتر بوده و خواهد بود. چوبی سنتر دارای نماد اعتماد الکترونیکی دوستاره است و اعتماد شما مشتریان عزیز را سرمایه خود می داند.', 'توصیف فروشگاه در پایین صفحه اصلی'),
('telegram', 't.me/choobicenter', 'آدرس تلگرام'),
('whatsapp', 'ap.whatsapp.com/send?phone=989220870275', 'آدرس واتساپ'),
('zarrin_code', '2fca4aec-080f-11e8-9daa-000c295eb8fc', 'کد زرین پال');

-- --------------------------------------------------------

--
-- Table structure for table `state`
--

CREATE TABLE `state` (
  `id` bigint(20) NOT NULL,
  `name` varchar(200) COLLATE utf8_unicode_ci NOT NULL
) ENGINE=InnoDB DEFAULT CHARSET=utf8 COLLATE=utf8_unicode_ci;

-- --------------------------------------------------------

--
-- Table structure for table `user`
--

CREATE TABLE `user` (
  `id` bigint(20) NOT NULL,
  `fname` varchar(200) COLLATE utf8_unicode_ci NOT NULL,
  `lname` varchar(200) COLLATE utf8_unicode_ci NOT NULL,
  `email` varchar(60) COLLATE utf8_unicode_ci DEFAULT NULL,
  `password` varchar(200) COLLATE utf8_unicode_ci NOT NULL,
  `mobile` varchar(20) COLLATE utf8_unicode_ci NOT NULL,
  `is_admin` bit(1) NOT NULL DEFAULT b'0',
  `is_emp` bit(1) NOT NULL DEFAULT b'0',
  `is_producer` bit(1) NOT NULL DEFAULT b'0',
  `zp_code` varchar(15) COLLATE utf8_unicode_ci DEFAULT NULL,
  `change_pass_hash` varchar(20) COLLATE utf8_unicode_ci DEFAULT NULL
) ENGINE=InnoDB DEFAULT CHARSET=utf8 COLLATE=utf8_unicode_ci;

--
-- Dumping data for table `user`
--

INSERT INTO `user` (`id`, `fname`, `lname`, `email`, `password`, `mobile`, `is_admin`, `is_emp`, `is_producer`, `zp_code`, `change_pass_hash`) VALUES
(1, 'John', 'DOE', 'pub@prestashop.com', '134e9c7b20e1ab8a4a1f8f839de8cdc6', '', b'0', b'0', b'0', NULL, NULL),
(2, 'بیژن', 'مرتضوی', 'r.masoudi@chmail.ir', 'a33cceb47f9b621fd9e42e43030504f2', '09367270443', b'0', b'0', b'0', NULL, NULL),
(3, 'عبدالله', 'عبداللهی', 'a.yazdaniperayi@gmail.com', 'a8f5362348f7b9e3c6baf0e2d1fe2ddf', '09129999999', b'0', b'0', b'0', NULL, NULL),
(4, 'Faeze', 'jafari', 'missjfrii123@gmail.com', '143bf5fb1b72983e713cc9624e8f88ef', '', b'0', b'0', b'0', NULL, NULL),
(5, 'Faeze', 'jafari', 'faezejfri123@gmail.com', '143bf5fb1b72983e713cc9624e8f88ef', '', b'0', b'0', b'0', NULL, NULL),
(6, 'Fateme', 'Jafari', 'jafarif1374@gmail.com', 'bddaed5972279faa7b2ba2bc8a7f2e5e', '09139166109', b'0', b'0', b'0', NULL, NULL),
(7, 'ماه', 'ماه', 'baharelisiantous@yahoo.com', '24d51686a8a2f3b76686942f286b9124', '', b'0', b'0', b'0', NULL, NULL),
(8, 'زهرا', 'میرزایی', 'mirzai_zahra@yahoo.com', '48bd3515ea5b52ce3e161168b8435ee2', '', b'0', b'0', b'0', NULL, NULL),
(9, 'اصغر', 'جهانی قلندر', 'asghar.beau@yahoo.com', 'ac4ec9f8820d3f13f28792a4cc277a72', '9146099484', b'0', b'0', b'0', NULL, NULL),
(10, 'بختیار ', 'قادری', 'b.ghaderi@zhivar.com', 'a8f5362348f7b9e3c6baf0e2d1fe2ddf', '09127967951', b'0', b'0', b'0', NULL, NULL),
(11, 'مرضیه', 'نیکبخت ', 'marziye.nikbakht@yahoo.com', '0ceb859fa9de2135ed318724761353e0', '09139148975', b'0', b'0', b'0', NULL, NULL),
(12, 'هادی ', 'ملائی', 'mr.hadimollaei@gmail.com', 'a8cde4b3adac988e8e292b4fb3ef9596', '', b'0', b'0', b'0', NULL, NULL),
(13, 'نفیسه', 'صابری', 'nafisehsaberi58@gmail.com', '0ee05b498af1037fc287774dd611b77b', '', b'0', b'0', b'0', NULL, NULL),
(14, 'F', 'بیگدلی', 'bigdeli.f.@gmail.com', '0e48b5e16274970d5068facc7876e757', '', b'0', b'0', b'0', NULL, NULL),
(15, 'Sepideh', 'heydari', 'taraneroshan1377121@gmail.com', '1a1657595bb94c55426d495befec6a19', '', b'0', b'0', b'0', NULL, NULL),
(16, 'محمد', 'سلمانی کویخی', 'm.sal1993@yahoo.com', '4bc3824c992bdcbd325b63eb6dbcb010', '09393472616', b'0', b'0', b'0', NULL, NULL),
(17, 'محمد', 'سلمانی کویخی', 'mohammad.sal1993@yahoo.com', '4bc3824c992bdcbd325b63eb6dbcb010', '', b'0', b'0', b'0', NULL, NULL),
(18, 'علی', 'ریاحی', 'riahy.ali@gmail.com', '51a320c6014991c9c98e42018ac273a1', '091663313287', b'0', b'0', b'0', NULL, NULL),
(19, 'احمد', 'حسینپور', 'ahgoll2009@yahoo.com', '1bf0079c32cac459b96233b54e76e525', '09126101389', b'0', b'0', b'0', NULL, NULL),
(20, 'سید محمد', 'اقایی', 'm.a9161318@gmail.com', '3e0e88b45df9ed09e8aeda1bf96351b5', '09139161318', b'0', b'0', b'0', NULL, NULL),
(21, 'میلاد ', 'اکبرزاده هنزائی ', 'miladakbarzade2281@gmail.com', 'e41321f53693bb7f223f9bf45d465be0', '09199619715', b'0', b'0', b'0', NULL, NULL),
(22, 'سید محمد ', 'واحد ', 'smohamd@vahed.yahoo.com', 'bc12ec71860d674053fb0d087e6c0c31', '09199194552', b'0', b'0', b'0', NULL, NULL),
(23, 'احسان', 'پورکاوه', 'ehsanpourkaveh.d@yahoo.com', 'f4ae2d93ac184b232bc2eeceb42d6d0b', '09133823887', b'0', b'0', b'0', NULL, NULL),
(24, 'معصومه', 'دریادل', 'daryadeldarya95@gmail.com', '5e7ada2986bad74dce63ed3799641077', '09112481358', b'0', b'0', b'0', NULL, NULL),
(25, 'الهام', 'انصاری پور', 'el.ansaripour@gmail.com', '041dd2ef96444a48aa5c4888aa350754', '09133157048', b'0', b'0', b'0', NULL, NULL),
(26, 'محمد', 'درویشی', 'darvishi2011@gmail.com', 'f302385df91e92b91ea6e8ad8d4c8c9c', '09122969733', b'0', b'0', b'0', NULL, NULL),
(27, 'اشكان', 'چيتسازها', 'ashkan.chitsazha@yahoo.com', '8d8f7968e6e402013a5cc59baa980f9a', '', b'0', b'0', b'0', NULL, NULL),
(28, 'اشكان', 'چيتسازها', 'mahgol.forooghi@yahoo.com', '171794d8544d9838bb30c20ace26f9cd', '09122007774', b'0', b'0', b'0', NULL, NULL),
(29, 'اشكان', 'چيتسازها', 'mahgol.forooghi@yahoo.com', '10d47d7cc5ae2903364de77aa6c707ed', '09122007774', b'0', b'0', b'0', NULL, NULL),
(30, 'اشكان', 'چيتسازها', 'mahgol.forooghi@yahoo.com', 'e9a67b6b9fa6ea00dba1e619526117d1', '09122007774', b'0', b'0', b'0', NULL, NULL),
(31, 'نازنین فاطمه', 'جوانمردطوسی', 'naazijoonix74i@gmail.com', 'a8f5362348f7b9e3c6baf0e2d1fe2ddf', '09309286924', b'0', b'0', b'0', NULL, NULL),
(32, 'اینماد', 'اینماد', 'enamad@choobicenter.ir', 'e9035d35161795a4ef5b7bec3b154592', '', b'0', b'0', b'0', NULL, NULL),
(33, 'منصور', 'حلاج', 'r.masoudi@chmail.ir', 'a33cceb47f9b621fd9e42e43030504f2', '', b'0', b'0', b'0', NULL, NULL),
(34, 'تولیدی', 'گالری میلاد', 'nf_ir@yahoo.com', 'a8f5362348f7b9e3c6baf0e2d1fe2ddf', '09351810118', b'0', b'0', b'1', 'zp.336860.1', NULL),
(35, 'اجرای', 'ام دی اف منتظری', 'Asgharali@gmail.com', '89dd2c2dc6371243c2ba4ec416874d97', '09118914482', b'0', b'0', b'1', NULL, NULL),
(36, 'صنایع چوبی', 'صالحی', 'meh.slh@gmail.com', '91040cb7e841da12a02ef469918a6d28', '09120689109', b'0', b'0', b'1', NULL, NULL),
(37, 'تولیدی', 'شیک پلاس', 'mobin.zangi185@gmail.com', 'dc9f4ea7ecb1d50a4ac42113056a2b59', '09189727657', b'0', b'0', b'1', NULL, NULL),
(38, 'تولیدی', 'حسینی', 'miladhosseyni.fm@gmali.com', '2c173ca0a8b8a046455b3263c9655f76', '09124140419', b'0', b'0', b'1', NULL, NULL),
(39, 'رسول', 'مسعودی', 'rmrasoulmasoudi@gmail.com', 'b066ea5459d148f3486de7a8f4e866ee', '09367270443', b'1', b'0', b'0', 'zp.328734.1', NULL),
(40, 'ابوالفضل', 'یزدانی', 'a.yazdaniperayi@gmail.com', '316ae86eb1e58697df7b35485a652e85', '09101052429', b'1', b'0', b'0', 'zp.331185.1', NULL),
(41, 'رحمت', 'یحیی زاده', 'rahmatyahya@gmail.com', '134e9c7b20e1ab8a4a1f8f839de8cdc6', '09220870275', b'0', b'1', b'0', 'zp.885390.1', NULL),
(42, 'گالری', 'حق وردی', 'fake@fake.com', 'a8f5362348f7b9e3c6baf0e2d1fe2ddf', '09111111111', b'0', b'0', b'1', NULL, NULL),
(44, 'fghfg', 'fghfg', 'hfghfg', '1223cac9d04a24277aa34462950d4410', 'fghfgh', b'0', b'0', b'0', NULL, NULL);

--
-- Indexes for dumped tables
--

--
-- Indexes for table `address`
--
ALTER TABLE `address`
  ADD PRIMARY KEY (`id`);

--
-- Indexes for table `category`
--
ALTER TABLE `category`
  ADD PRIMARY KEY (`id`);

--
-- Indexes for table `category_children`
--
ALTER TABLE `category_children`
  ADD PRIMARY KEY (`id`,`child_id`);

--
-- Indexes for table `city`
--
ALTER TABLE `city`
  ADD PRIMARY KEY (`id`);

--
-- Indexes for table `field`
--
ALTER TABLE `field`
  ADD PRIMARY KEY (`id`);

--
-- Indexes for table `field_value`
--
ALTER TABLE `field_value`
  ADD PRIMARY KEY (`id`);

--
-- Indexes for table `image`
--
ALTER TABLE `image`
  ADD PRIMARY KEY (`id`);

--
-- Indexes for table `orders`
--
ALTER TABLE `orders`
  ADD PRIMARY KEY (`id`),
  ADD KEY `tyrt` (`customer_id`),
  ADD KEY `styrt` (`producer_id`);

--
-- Indexes for table `order_product`
--
ALTER TABLE `order_product`
  ADD PRIMARY KEY (`order_id`,`product_id`),
  ADD KEY `sdfsd` (`product_id`);

--
-- Indexes for table `product`
--
ALTER TABLE `product`
  ADD PRIMARY KEY (`id`),
  ADD KEY `fk_product_category` (`category_id`);

--
-- Indexes for table `product_field`
--
ALTER TABLE `product_field`
  ADD PRIMARY KEY (`field_id`,`product_id`),
  ADD KEY `fk_product_id` (`product_id`);

--
-- Indexes for table `settings`
--
ALTER TABLE `settings`
  ADD PRIMARY KEY (`param`);

--
-- Indexes for table `state`
--
ALTER TABLE `state`
  ADD PRIMARY KEY (`id`);

--
-- Indexes for table `user`
--
ALTER TABLE `user`
  ADD PRIMARY KEY (`id`);

--
-- AUTO_INCREMENT for dumped tables
--

--
-- AUTO_INCREMENT for table `address`
--
ALTER TABLE `address`
  MODIFY `id` bigint(20) NOT NULL AUTO_INCREMENT, AUTO_INCREMENT=27;
--
-- AUTO_INCREMENT for table `category`
--
ALTER TABLE `category`
  MODIFY `id` bigint(20) NOT NULL AUTO_INCREMENT, AUTO_INCREMENT=40;
--
-- AUTO_INCREMENT for table `city`
--
ALTER TABLE `city`
  MODIFY `id` bigint(20) NOT NULL AUTO_INCREMENT;
--
-- AUTO_INCREMENT for table `field`
--
ALTER TABLE `field`
  MODIFY `id` bigint(20) NOT NULL AUTO_INCREMENT, AUTO_INCREMENT=18;
--
-- AUTO_INCREMENT for table `field_value`
--
ALTER TABLE `field_value`
  MODIFY `id` bigint(20) NOT NULL AUTO_INCREMENT, AUTO_INCREMENT=8;
--
-- AUTO_INCREMENT for table `image`
--
ALTER TABLE `image`
  MODIFY `id` bigint(20) NOT NULL AUTO_INCREMENT, AUTO_INCREMENT=212;
--
-- AUTO_INCREMENT for table `orders`
--
ALTER TABLE `orders`
  MODIFY `id` bigint(20) NOT NULL AUTO_INCREMENT;
--
-- AUTO_INCREMENT for table `product`
--
ALTER TABLE `product`
  MODIFY `id` bigint(20) NOT NULL AUTO_INCREMENT, AUTO_INCREMENT=116;
--
-- AUTO_INCREMENT for table `state`
--
ALTER TABLE `state`
  MODIFY `id` bigint(20) NOT NULL AUTO_INCREMENT;
--
-- AUTO_INCREMENT for table `user`
--
ALTER TABLE `user`
  MODIFY `id` bigint(20) NOT NULL AUTO_INCREMENT, AUTO_INCREMENT=45;
--
-- Constraints for dumped tables
--

--
-- Constraints for table `orders`
--
ALTER TABLE `orders`
  ADD CONSTRAINT `styrt` FOREIGN KEY (`producer_id`) REFERENCES `user` (`id`),
  ADD CONSTRAINT `tyrt` FOREIGN KEY (`customer_id`) REFERENCES `user` (`id`);

--
-- Constraints for table `order_product`
--
ALTER TABLE `order_product`
  ADD CONSTRAINT `ggg` FOREIGN KEY (`order_id`) REFERENCES `orders` (`id`),
  ADD CONSTRAINT `sdfsd` FOREIGN KEY (`product_id`) REFERENCES `product` (`id`);

--
-- Constraints for table `product`
--
ALTER TABLE `product`
  ADD CONSTRAINT `fk_product_category` FOREIGN KEY (`category_id`) REFERENCES `category` (`id`);

--
-- Constraints for table `product_field`
--
ALTER TABLE `product_field`
  ADD CONSTRAINT `fk_field_id` FOREIGN KEY (`field_id`) REFERENCES `field` (`id`),
  ADD CONSTRAINT `fk_product_id` FOREIGN KEY (`product_id`) REFERENCES `product` (`id`);

/*!40101 SET CHARACTER_SET_CLIENT=@OLD_CHARACTER_SET_CLIENT */;
/*!40101 SET CHARACTER_SET_RESULTS=@OLD_CHARACTER_SET_RESULTS */;
/*!40101 SET COLLATION_CONNECTION=@OLD_COLLATION_CONNECTION */;
